fid,geoid,name,B19113001,"B19113001, Error",layer,path
1,"05000US36047","Kings County, NY",87226,1406,BK Census,C:/Users/brian/SMAssign2GIS/Brooklyn Census Good.gpkg|layername=BK Census
2,86000US11201,"11201",244063,28888,BK Census,C:/Users/brian/SMAssign2GIS/Brooklyn Census Good.gpkg|layername=BK Census
3,86000US11203,"11203",84167,5871,BK Census,C:/Users/brian/SMAssign2GIS/Brooklyn Census Good.gpkg|layername=BK Census
4,86000US11204,"11204",71338,5563,BK Census,C:/Users/brian/SMAssign2GIS/Brooklyn Census Good.gpkg|layername=BK Census
5,86000US11205,"11205",90685,17300,BK Census,C:/Users/brian/SMAssign2GIS/Brooklyn Census Good.gpkg|layername=BK Census
6,86000US11206,"11206",47936,3993,BK Census,C:/Users/brian/SMAssign2GIS/Brooklyn Census Good.gpkg|layername=BK Census
7,86000US11207,"11207",67634,3682,BK Census,C:/Users/brian/SMAssign2GIS/Brooklyn Census Good.gpkg|layername=BK Census
8,86000US11208,"11208",67049,3736,BK Census,C:/Users/brian/SMAssign2GIS/Brooklyn Census Good.gpkg|layername=BK Census
9,86000US11209,"11209",117731,7814,BK Census,C:/Users/brian/SMAssign2GIS/Brooklyn Census Good.gpkg|layername=BK Census
10,86000US11210,"11210",102857,7491,BK Census,C:/Users/brian/SMAssign2GIS/Brooklyn Census Good.gpkg|layername=BK Census
11,86000US11211,"11211",82826,14071,BK Census,C:/Users/brian/SMAssign2GIS/Brooklyn Census Good.gpkg|layername=BK Census
12,86000US11212,"11212",47405,5202,BK Census,C:/Users/brian/SMAssign2GIS/Brooklyn Census Good.gpkg|layername=BK Census
13,86000US11213,"11213",71219,13937,BK Census,C:/Users/brian/SMAssign2GIS/Brooklyn Census Good.gpkg|layername=BK Census
14,86000US11214,"11214",75628,3976,BK Census,C:/Users/brian/SMAssign2GIS/Brooklyn Census Good.gpkg|layername=BK Census
15,86000US11215,"11215",223697,11506,BK Census,C:/Users/brian/SMAssign2GIS/Brooklyn Census Good.gpkg|layername=BK Census
16,86000US11216,"11216",106618,11932,BK Census,C:/Users/brian/SMAssign2GIS/Brooklyn Census Good.gpkg|layername=BK Census
17,86000US11217,"11217",201918,21365,BK Census,C:/Users/brian/SMAssign2GIS/Brooklyn Census Good.gpkg|layername=BK Census
18,86000US11218,"11218",113540,16796,BK Census,C:/Users/brian/SMAssign2GIS/Brooklyn Census Good.gpkg|layername=BK Census
19,86000US11219,"11219",57346,5193,BK Census,C:/Users/brian/SMAssign2GIS/Brooklyn Census Good.gpkg|layername=BK Census
20,86000US11220,"11220",61954,3054,BK Census,C:/Users/brian/SMAssign2GIS/Brooklyn Census Good.gpkg|layername=BK Census
21,86000US11221,"11221",86200,7377,BK Census,C:/Users/brian/SMAssign2GIS/Brooklyn Census Good.gpkg|layername=BK Census
22,86000US11222,"11222",148503,15149,BK Census,C:/Users/brian/SMAssign2GIS/Brooklyn Census Good.gpkg|layername=BK Census
23,86000US11223,"11223",82626,5164,BK Census,C:/Users/brian/SMAssign2GIS/Brooklyn Census Good.gpkg|layername=BK Census
24,86000US11224,"11224",57684,6568,BK Census,C:/Users/brian/SMAssign2GIS/Brooklyn Census Good.gpkg|layername=BK Census
25,86000US11225,"11225",94713,7405,BK Census,C:/Users/brian/SMAssign2GIS/Brooklyn Census Good.gpkg|layername=BK Census
26,86000US11226,"11226",93381,6205,BK Census,C:/Users/brian/SMAssign2GIS/Brooklyn Census Good.gpkg|layername=BK Census
27,86000US11228,"11228",92648,10097,BK Census,C:/Users/brian/SMAssign2GIS/Brooklyn Census Good.gpkg|layername=BK Census
28,86000US11229,"11229",92582,5168,BK Census,C:/Users/brian/SMAssign2GIS/Brooklyn Census Good.gpkg|layername=BK Census
29,86000US11230,"11230",84424,6543,BK Census,C:/Users/brian/SMAssign2GIS/Brooklyn Census Good.gpkg|layername=BK Census
30,86000US11231,"11231",164435,23232,BK Census,C:/Users/brian/SMAssign2GIS/Brooklyn Census Good.gpkg|layername=BK Census
31,86000US11232,"11232",80682,12368,BK Census,C:/Users/brian/SMAssign2GIS/Brooklyn Census Good.gpkg|layername=BK Census
32,86000US11233,"11233",76642,10005,BK Census,C:/Users/brian/SMAssign2GIS/Brooklyn Census Good.gpkg|layername=BK Census
33,86000US11234,"11234",111881,4798,BK Census,C:/Users/brian/SMAssign2GIS/Brooklyn Census Good.gpkg|layername=BK Census
34,86000US11235,"11235",82520,6052,BK Census,C:/Users/brian/SMAssign2GIS/Brooklyn Census Good.gpkg|layername=BK Census
35,86000US11236,"11236",93846,4090,BK Census,C:/Users/brian/SMAssign2GIS/Brooklyn Census Good.gpkg|layername=BK Census
36,86000US11237,"11237",66514,13604,BK Census,C:/Users/brian/SMAssign2GIS/Brooklyn Census Good.gpkg|layername=BK Census
37,86000US11238,"11238",177149,19245,BK Census,C:/Users/brian/SMAssign2GIS/Brooklyn Census Good.gpkg|layername=BK Census
38,86000US11239,"11239",54308,12045,BK Census,C:/Users/brian/SMAssign2GIS/Brooklyn Census Good.gpkg|layername=BK Census
39,86000US11249,"11249",107857,17368,BK Census,C:/Users/brian/SMAssign2GIS/Brooklyn Census Good.gpkg|layername=BK Census
40,86000US11416,"11416",90177,8061,BK Census,C:/Users/brian/SMAssign2GIS/Brooklyn Census Good.gpkg|layername=BK Census
41,86000US11417,"11417",98328,12484,BK Census,C:/Users/brian/SMAssign2GIS/Brooklyn Census Good.gpkg|layername=BK Census
42,"05000US36061","New York County, NY",142014,4274,Manhattan Census,C:\Users\brian\SMAssign2GIS\Manhattan Cecnsus.gpkg|layername=manhattan_census
43,86000US10029,"10029",43324,7206,Manhattan Census,C:\Users\brian\SMAssign2GIS\Manhattan Cecnsus.gpkg|layername=manhattan_census
44,86000US10033,"10033",94017,14209,Manhattan Census,C:\Users\brian\SMAssign2GIS\Manhattan Cecnsus.gpkg|layername=manhattan_census
45,86000US10034,"10034",90523,16299,Manhattan Census,C:\Users\brian\SMAssign2GIS\Manhattan Cecnsus.gpkg|layername=manhattan_census
46,86000US10035,"10035",46813,8862,Manhattan Census,C:\Users\brian\SMAssign2GIS\Manhattan Cecnsus.gpkg|layername=manhattan_census
47,86000US10040,"10040",76442,5422,Manhattan Census,C:\Users\brian\SMAssign2GIS\Manhattan Cecnsus.gpkg|layername=manhattan_census
48,86000US10463,"10463",84178,7282,Manhattan Census,C:\Users\brian\SMAssign2GIS\Manhattan Cecnsus.gpkg|layername=manhattan_census
49,86000US10002,"10002",51093,8077,Manhattan Census,C:\Users\brian\SMAssign2GIS\Manhattan Cecnsus.gpkg|layername=manhattan_census
50,86000US10003,"10003",250001,,Manhattan Census,C:\Users\brian\SMAssign2GIS\Manhattan Cecnsus.gpkg|layername=manhattan_census
51,86000US10004,"10004",250001,,Manhattan Census,C:\Users\brian\SMAssign2GIS\Manhattan Cecnsus.gpkg|layername=manhattan_census
52,86000US10005,"10005",250001,,Manhattan Census,C:\Users\brian\SMAssign2GIS\Manhattan Cecnsus.gpkg|layername=manhattan_census
53,86000US10006,"10006",250001,,Manhattan Census,C:\Users\brian\SMAssign2GIS\Manhattan Cecnsus.gpkg|layername=manhattan_census
54,86000US10007,"10007",250001,,Manhattan Census,C:\Users\brian\SMAssign2GIS\Manhattan Cecnsus.gpkg|layername=manhattan_census
55,86000US10009,"10009",88469,24027,Manhattan Census,C:\Users\brian\SMAssign2GIS\Manhattan Cecnsus.gpkg|layername=manhattan_census
56,86000US10010,"10010",224893,36165,Manhattan Census,C:\Users\brian\SMAssign2GIS\Manhattan Cecnsus.gpkg|layername=manhattan_census
57,86000US10011,"10011",235848,38526,Manhattan Census,C:\Users\brian\SMAssign2GIS\Manhattan Cecnsus.gpkg|layername=manhattan_census
58,86000US10012,"10012",210813,58143,Manhattan Census,C:\Users\brian\SMAssign2GIS\Manhattan Cecnsus.gpkg|layername=manhattan_census
59,86000US10013,"10013",209681,85806,Manhattan Census,C:\Users\brian\SMAssign2GIS\Manhattan Cecnsus.gpkg|layername=manhattan_census
60,86000US10014,"10014",250001,,Manhattan Census,C:\Users\brian\SMAssign2GIS\Manhattan Cecnsus.gpkg|layername=manhattan_census
61,86000US10016,"10016",250001,,Manhattan Census,C:\Users\brian\SMAssign2GIS\Manhattan Cecnsus.gpkg|layername=manhattan_census
62,86000US10038,"10038",118984,20050,Manhattan Census,C:\Users\brian\SMAssign2GIS\Manhattan Cecnsus.gpkg|layername=manhattan_census
63,86000US10271,"10271",,,Manhattan Census,C:\Users\brian\SMAssign2GIS\Manhattan Cecnsus.gpkg|layername=manhattan_census
64,86000US10278,"10278",,,Manhattan Census,C:\Users\brian\SMAssign2GIS\Manhattan Cecnsus.gpkg|layername=manhattan_census
65,86000US10279,"10279",250001,,Manhattan Census,C:\Users\brian\SMAssign2GIS\Manhattan Cecnsus.gpkg|layername=manhattan_census
66,86000US10280,"10280",250001,,Manhattan Census,C:\Users\brian\SMAssign2GIS\Manhattan Cecnsus.gpkg|layername=manhattan_census
67,86000US10282,"10282",250001,,Manhattan Census,C:\Users\brian\SMAssign2GIS\Manhattan Cecnsus.gpkg|layername=manhattan_census
68,86000US10021,"10021",250001,,Manhattan Census,C:\Users\brian\SMAssign2GIS\Manhattan Cecnsus.gpkg|layername=manhattan_census
69,86000US10022,"10022",250001,,Manhattan Census,C:\Users\brian\SMAssign2GIS\Manhattan Cecnsus.gpkg|layername=manhattan_census
70,86000US10024,"10024",250001,,Manhattan Census,C:\Users\brian\SMAssign2GIS\Manhattan Cecnsus.gpkg|layername=manhattan_census
71,86000US10025,"10025",157394,20597,Manhattan Census,C:\Users\brian\SMAssign2GIS\Manhattan Cecnsus.gpkg|layername=manhattan_census
72,86000US10026,"10026",103169,22554,Manhattan Census,C:\Users\brian\SMAssign2GIS\Manhattan Cecnsus.gpkg|layername=manhattan_census
73,86000US10028,"10028",250001,,Manhattan Census,C:\Users\brian\SMAssign2GIS\Manhattan Cecnsus.gpkg|layername=manhattan_census
74,86000US10044,"10044",137901,18064,Manhattan Census,C:\Users\brian\SMAssign2GIS\Manhattan Cecnsus.gpkg|layername=manhattan_census
75,86000US10065,"10065",250001,,Manhattan Census,C:\Users\brian\SMAssign2GIS\Manhattan Cecnsus.gpkg|layername=manhattan_census
76,86000US10075,"10075",248851,36453,Manhattan Census,C:\Users\brian\SMAssign2GIS\Manhattan Cecnsus.gpkg|layername=manhattan_census
77,86000US10128,"10128",225389,21481,Manhattan Census,C:\Users\brian\SMAssign2GIS\Manhattan Cecnsus.gpkg|layername=manhattan_census
78,86000US10162,"10162",,,Manhattan Census,C:\Users\brian\SMAssign2GIS\Manhattan Cecnsus.gpkg|layername=manhattan_census
79,86000US10001,"10001",182117,44151,Manhattan Census,C:\Users\brian\SMAssign2GIS\Manhattan Cecnsus.gpkg|layername=manhattan_census
80,86000US10017,"10017",240125,59826,Manhattan Census,C:\Users\brian\SMAssign2GIS\Manhattan Cecnsus.gpkg|layername=manhattan_census
81,86000US10018,"10018",220391,106011,Manhattan Census,C:\Users\brian\SMAssign2GIS\Manhattan Cecnsus.gpkg|layername=manhattan_census
82,86000US10019,"10019",178940,40310,Manhattan Census,C:\Users\brian\SMAssign2GIS\Manhattan Cecnsus.gpkg|layername=manhattan_census
83,86000US10020,"10020",,,Manhattan Census,C:\Users\brian\SMAssign2GIS\Manhattan Cecnsus.gpkg|layername=manhattan_census
84,86000US10023,"10023",250001,,Manhattan Census,C:\Users\brian\SMAssign2GIS\Manhattan Cecnsus.gpkg|layername=manhattan_census
85,86000US10027,"10027",83204,10550,Manhattan Census,C:\Users\brian\SMAssign2GIS\Manhattan Cecnsus.gpkg|layername=manhattan_census
86,86000US10030,"10030",54711,11466,Manhattan Census,C:\Users\brian\SMAssign2GIS\Manhattan Cecnsus.gpkg|layername=manhattan_census
87,86000US10031,"10031",67889,10666,Manhattan Census,C:\Users\brian\SMAssign2GIS\Manhattan Cecnsus.gpkg|layername=manhattan_census
88,86000US10032,"10032",61633,5318,Manhattan Census,C:\Users\brian\SMAssign2GIS\Manhattan Cecnsus.gpkg|layername=manhattan_census
89,86000US10036,"10036",135122,44913,Manhattan Census,C:\Users\brian\SMAssign2GIS\Manhattan Cecnsus.gpkg|layername=manhattan_census
90,86000US10037,"10037",75606,10745,Manhattan Census,C:\Users\brian\SMAssign2GIS\Manhattan Cecnsus.gpkg|layername=manhattan_census
91,86000US10039,"10039",43798,11492,Manhattan Census,C:\Users\brian\SMAssign2GIS\Manhattan Cecnsus.gpkg|layername=manhattan_census
92,86000US10069,"10069",250001,,Manhattan Census,C:\Users\brian\SMAssign2GIS\Manhattan Cecnsus.gpkg|layername=manhattan_census
93,86000US10103,"10103",,,Manhattan Census,C:\Users\brian\SMAssign2GIS\Manhattan Cecnsus.gpkg|layername=manhattan_census
94,86000US10110,"10110",,,Manhattan Census,C:\Users\brian\SMAssign2GIS\Manhattan Cecnsus.gpkg|layername=manhattan_census
95,86000US10111,"10111",,,Manhattan Census,C:\Users\brian\SMAssign2GIS\Manhattan Cecnsus.gpkg|layername=manhattan_census
96,86000US10112,"10112",,,Manhattan Census,C:\Users\brian\SMAssign2GIS\Manhattan Cecnsus.gpkg|layername=manhattan_census
97,86000US10115,"10115",,,Manhattan Census,C:\Users\brian\SMAssign2GIS\Manhattan Cecnsus.gpkg|layername=manhattan_census
98,86000US10119,"10119",,,Manhattan Census,C:\Users\brian\SMAssign2GIS\Manhattan Cecnsus.gpkg|layername=manhattan_census
99,86000US10152,"10152",,,Manhattan Census,C:\Users\brian\SMAssign2GIS\Manhattan Cecnsus.gpkg|layername=manhattan_census
100,86000US10153,"10153",,,Manhattan Census,C:\Users\brian\SMAssign2GIS\Manhattan Cecnsus.gpkg|layername=manhattan_census
101,86000US10154,"10154",,,Manhattan Census,C:\Users\brian\SMAssign2GIS\Manhattan Cecnsus.gpkg|layername=manhattan_census
102,86000US10165,"10165",,,Manhattan Census,C:\Users\brian\SMAssign2GIS\Manhattan Cecnsus.gpkg|layername=manhattan_census
103,86000US10167,"10167",,,Manhattan Census,C:\Users\brian\SMAssign2GIS\Manhattan Cecnsus.gpkg|layername=manhattan_census
104,86000US10168,"10168",,,Manhattan Census,C:\Users\brian\SMAssign2GIS\Manhattan Cecnsus.gpkg|layername=manhattan_census
105,86000US10169,"10169",,,Manhattan Census,C:\Users\brian\SMAssign2GIS\Manhattan Cecnsus.gpkg|layername=manhattan_census
106,86000US10170,"10170",,,Manhattan Census,C:\Users\brian\SMAssign2GIS\Manhattan Cecnsus.gpkg|layername=manhattan_census
107,86000US10171,"10171",,,Manhattan Census,C:\Users\brian\SMAssign2GIS\Manhattan Cecnsus.gpkg|layername=manhattan_census
108,86000US10172,"10172",,,Manhattan Census,C:\Users\brian\SMAssign2GIS\Manhattan Cecnsus.gpkg|layername=manhattan_census
109,86000US10173,"10173",,,Manhattan Census,C:\Users\brian\SMAssign2GIS\Manhattan Cecnsus.gpkg|layername=manhattan_census
110,86000US10174,"10174",,,Manhattan Census,C:\Users\brian\SMAssign2GIS\Manhattan Cecnsus.gpkg|layername=manhattan_census
111,86000US10177,"10177",,,Manhattan Census,C:\Users\brian\SMAssign2GIS\Manhattan Cecnsus.gpkg|layername=manhattan_census
112,86000US10199,"10199",,,Manhattan Census,C:\Users\brian\SMAssign2GIS\Manhattan Cecnsus.gpkg|layername=manhattan_census
113,"05000US36081","Queens County, NY",96052,1089,Queens Census,C:\Users\brian\SMAssign2GIS\Brooklyn Census.gpkg|layername=brooklyn_census
114,86000US11105,"11105",111418,4734,Queens Census,C:\Users\brian\SMAssign2GIS\Brooklyn Census.gpkg|layername=brooklyn_census
115,86000US11356,"11356",102908,14548,Queens Census,C:\Users\brian\SMAssign2GIS\Brooklyn Census.gpkg|layername=brooklyn_census
116,86000US11357,"11357",120081,8748,Queens Census,C:\Users\brian\SMAssign2GIS\Brooklyn Census.gpkg|layername=brooklyn_census
117,86000US11359,"11359",,,Queens Census,C:\Users\brian\SMAssign2GIS\Brooklyn Census.gpkg|layername=brooklyn_census
118,86000US11360,"11360",147560,12702,Queens Census,C:\Users\brian\SMAssign2GIS\Brooklyn Census.gpkg|layername=brooklyn_census
119,86000US11370,"11370",97452,13428,Queens Census,C:\Users\brian\SMAssign2GIS\Brooklyn Census.gpkg|layername=brooklyn_census
120,86000US11371,"11371",,,Queens Census,C:\Users\brian\SMAssign2GIS\Brooklyn Census.gpkg|layername=brooklyn_census
121,86000US11101,"11101",135304,19434,Queens Census,C:\Users\brian\SMAssign2GIS\Brooklyn Census.gpkg|layername=brooklyn_census
122,86000US11104,"11104",105093,10704,Queens Census,C:\Users\brian\SMAssign2GIS\Brooklyn Census.gpkg|layername=brooklyn_census
123,86000US11367,"11367",101823,11379,Queens Census,C:\Users\brian\SMAssign2GIS\Brooklyn Census.gpkg|layername=brooklyn_census
124,86000US11368,"11368",70817,3066,Queens Census,C:\Users\brian\SMAssign2GIS\Brooklyn Census.gpkg|layername=brooklyn_census
125,86000US11373,"11373",73926,3896,Queens Census,C:\Users\brian\SMAssign2GIS\Brooklyn Census.gpkg|layername=brooklyn_census
126,86000US11374,"11374",109240,13959,Queens Census,C:\Users\brian\SMAssign2GIS\Brooklyn Census.gpkg|layername=brooklyn_census
127,86000US11375,"11375",135095,8696,Queens Census,C:\Users\brian\SMAssign2GIS\Brooklyn Census.gpkg|layername=brooklyn_census
128,86000US11377,"11377",82230,3910,Queens Census,C:\Users\brian\SMAssign2GIS\Brooklyn Census.gpkg|layername=brooklyn_census
129,86000US11378,"11378",99144,6926,Queens Census,C:\Users\brian\SMAssign2GIS\Brooklyn Census.gpkg|layername=brooklyn_census
130,86000US11379,"11379",109291,7176,Queens Census,C:\Users\brian\SMAssign2GIS\Brooklyn Census.gpkg|layername=brooklyn_census
131,86000US11385,"11385",89695,4411,Queens Census,C:\Users\brian\SMAssign2GIS\Brooklyn Census.gpkg|layername=brooklyn_census
132,86000US11414,"11414",123873,15621,Queens Census,C:\Users\brian\SMAssign2GIS\Brooklyn Census.gpkg|layername=brooklyn_census
133,86000US11415,"11415",109005,15143,Queens Census,C:\Users\brian\SMAssign2GIS\Brooklyn Census.gpkg|layername=brooklyn_census
134,86000US11416,"11416",90177,8061,Queens Census,C:\Users\brian\SMAssign2GIS\Brooklyn Census.gpkg|layername=brooklyn_census
135,86000US11417,"11417",98328,12484,Queens Census,C:\Users\brian\SMAssign2GIS\Brooklyn Census.gpkg|layername=brooklyn_census
136,86000US11418,"11418",95817,10791,Queens Census,C:\Users\brian\SMAssign2GIS\Brooklyn Census.gpkg|layername=brooklyn_census
137,86000US11419,"11419",95269,9189,Queens Census,C:\Users\brian\SMAssign2GIS\Brooklyn Census.gpkg|layername=brooklyn_census
138,86000US11420,"11420",102659,5554,Queens Census,C:\Users\brian\SMAssign2GIS\Brooklyn Census.gpkg|layername=brooklyn_census
139,86000US11421,"11421",92969,8638,Queens Census,C:\Users\brian\SMAssign2GIS\Brooklyn Census.gpkg|layername=brooklyn_census
140,86000US11693,"11693",87813,15540,Queens Census,C:\Users\brian\SMAssign2GIS\Brooklyn Census.gpkg|layername=brooklyn_census
141,86000US11694,"11694",128512,28341,Queens Census,C:\Users\brian\SMAssign2GIS\Brooklyn Census.gpkg|layername=brooklyn_census
142,86000US11001,"11001",162459,12297,Queens Census,C:\Users\brian\SMAssign2GIS\Brooklyn Census.gpkg|layername=brooklyn_census
143,86000US11004,"11004",121653,19710,Queens Census,C:\Users\brian\SMAssign2GIS\Brooklyn Census.gpkg|layername=brooklyn_census
144,86000US11005,"11005",154250,71918,Queens Census,C:\Users\brian\SMAssign2GIS\Brooklyn Census.gpkg|layername=brooklyn_census
145,86000US11040,"11040",172617,10271,Queens Census,C:\Users\brian\SMAssign2GIS\Brooklyn Census.gpkg|layername=brooklyn_census
146,86000US11102,"11102",115290,15359,Queens Census,C:\Users\brian\SMAssign2GIS\Brooklyn Census.gpkg|layername=brooklyn_census
147,86000US11103,"11103",105877,9007,Queens Census,C:\Users\brian\SMAssign2GIS\Brooklyn Census.gpkg|layername=brooklyn_census
148,86000US11106,"11106",95091,7224,Queens Census,C:\Users\brian\SMAssign2GIS\Brooklyn Census.gpkg|layername=brooklyn_census
149,86000US11109,"11109",227614,52507,Queens Census,C:\Users\brian\SMAssign2GIS\Brooklyn Census.gpkg|layername=brooklyn_census
150,86000US11354,"11354",67399,9644,Queens Census,C:\Users\brian\SMAssign2GIS\Brooklyn Census.gpkg|layername=brooklyn_census
151,86000US11355,"11355",56852,3639,Queens Census,C:\Users\brian\SMAssign2GIS\Brooklyn Census.gpkg|layername=brooklyn_census
152,86000US11358,"11358",97586,5825,Queens Census,C:\Users\brian\SMAssign2GIS\Brooklyn Census.gpkg|layername=brooklyn_census
153,86000US11361,"11361",122245,10203,Queens Census,C:\Users\brian\SMAssign2GIS\Brooklyn Census.gpkg|layername=brooklyn_census
154,86000US11362,"11362",147857,18755,Queens Census,C:\Users\brian\SMAssign2GIS\Brooklyn Census.gpkg|layername=brooklyn_census
155,86000US11363,"11363",138958,37872,Queens Census,C:\Users\brian\SMAssign2GIS\Brooklyn Census.gpkg|layername=brooklyn_census
156,86000US11364,"11364",114942,6183,Queens Census,C:\Users\brian\SMAssign2GIS\Brooklyn Census.gpkg|layername=brooklyn_census
157,86000US11365,"11365",94551,6320,Queens Census,C:\Users\brian\SMAssign2GIS\Brooklyn Census.gpkg|layername=brooklyn_census
158,86000US11366,"11366",133779,8823,Queens Census,C:\Users\brian\SMAssign2GIS\Brooklyn Census.gpkg|layername=brooklyn_census
159,86000US11369,"11369",83071,6062,Queens Census,C:\Users\brian\SMAssign2GIS\Brooklyn Census.gpkg|layername=brooklyn_census
160,86000US11372,"11372",79371,7301,Queens Census,C:\Users\brian\SMAssign2GIS\Brooklyn Census.gpkg|layername=brooklyn_census
161,86000US11411,"11411",127381,10934,Queens Census,C:\Users\brian\SMAssign2GIS\Brooklyn Census.gpkg|layername=brooklyn_census
162,86000US11412,"11412",109733,5814,Queens Census,C:\Users\brian\SMAssign2GIS\Brooklyn Census.gpkg|layername=brooklyn_census
163,86000US11413,"11413",120709,5632,Queens Census,C:\Users\brian\SMAssign2GIS\Brooklyn Census.gpkg|layername=brooklyn_census
164,86000US11422,"11422",114828,15947,Queens Census,C:\Users\brian\SMAssign2GIS\Brooklyn Census.gpkg|layername=brooklyn_census
165,86000US11423,"11423",87366,9003,Queens Census,C:\Users\brian\SMAssign2GIS\Brooklyn Census.gpkg|layername=brooklyn_census
166,86000US11424,"11424",,,Queens Census,C:\Users\brian\SMAssign2GIS\Brooklyn Census.gpkg|layername=brooklyn_census
167,86000US11426,"11426",126597,17629,Queens Census,C:\Users\brian\SMAssign2GIS\Brooklyn Census.gpkg|layername=brooklyn_census
168,86000US11427,"11427",114282,13970,Queens Census,C:\Users\brian\SMAssign2GIS\Brooklyn Census.gpkg|layername=brooklyn_census
169,86000US11428,"11428",101012,10592,Queens Census,C:\Users\brian\SMAssign2GIS\Brooklyn Census.gpkg|layername=brooklyn_census
170,86000US11429,"11429",117695,13340,Queens Census,C:\Users\brian\SMAssign2GIS\Brooklyn Census.gpkg|layername=brooklyn_census
171,86000US11430,"11430",,,Queens Census,C:\Users\brian\SMAssign2GIS\Brooklyn Census.gpkg|layername=brooklyn_census
172,86000US11432,"11432",81460,8088,Queens Census,C:\Users\brian\SMAssign2GIS\Brooklyn Census.gpkg|layername=brooklyn_census
173,86000US11433,"11433",83201,7121,Queens Census,C:\Users\brian\SMAssign2GIS\Brooklyn Census.gpkg|layername=brooklyn_census
174,86000US11434,"11434",98089,6853,Queens Census,C:\Users\brian\SMAssign2GIS\Brooklyn Census.gpkg|layername=brooklyn_census
175,86000US11435,"11435",86543,6471,Queens Census,C:\Users\brian\SMAssign2GIS\Brooklyn Census.gpkg|layername=brooklyn_census
176,86000US11436,"11436",97398,5356,Queens Census,C:\Users\brian\SMAssign2GIS\Brooklyn Census.gpkg|layername=brooklyn_census
177,86000US11439,"11439",,,Queens Census,C:\Users\brian\SMAssign2GIS\Brooklyn Census.gpkg|layername=brooklyn_census
178,86000US11451,"11451",,,Queens Census,C:\Users\brian\SMAssign2GIS\Brooklyn Census.gpkg|layername=brooklyn_census
179,86000US11691,"11691",80367,9907,Queens Census,C:\Users\brian\SMAssign2GIS\Brooklyn Census.gpkg|layername=brooklyn_census
180,86000US11692,"11692",69754,17276,Queens Census,C:\Users\brian\SMAssign2GIS\Brooklyn Census.gpkg|layername=brooklyn_census
181,86000US11697,"11697",175708,45394,Queens Census,C:\Users\brian\SMAssign2GIS\Brooklyn Census.gpkg|layername=brooklyn_census
