_id,_version,_created_a,_updated_a,modzcta,label,zcta,pop_est,Pop_Numb,layer,path
row-gpt4_p42m_6vva,rv-ifsq~eg4w~ai57,2020/05/13 23:28:10.857,2020/05/13 23:28:10.857,"10001","10001, 10118","10001, 10119, 10199","23072",23072,1_ZIPS,C:/Users/brian/Documents/1_ZIPS.shp
row-5tvi_hb3c-6qz6,rv-m2qf-b3bm.h8vn,2020/05/13 23:28:10.857,2020/05/13 23:28:10.857,"10004","10004","10004","3028",3028,1_ZIPS,C:/Users/brian/Documents/1_ZIPS.shp
row-auib-z6mc_nkcq,rv-89qs-s7cd~ryjy,2020/05/13 23:28:10.857,2020/05/13 23:28:10.857,"10006","10006","10006","3454",3454,1_ZIPS,C:/Users/brian/Documents/1_ZIPS.shp
row-juqi~zbqg_y7er,rv-r2cv-me3e-csz8,2020/05/13 23:28:10.857,2020/05/13 23:28:10.857,"10007","10007","10007, 10278, 10279","7023",7023,1_ZIPS,C:/Users/brian/Documents/1_ZIPS.shp
row-2m2d_b8aj_3s7w,rv-gumn_zjt6~dupe,2020/05/13 23:28:10.857,2020/05/13 23:28:10.857,"10011","10011","10011","50472",50472,1_ZIPS,C:/Users/brian/Documents/1_ZIPS.shp
row-89t3.q4uf~yayv,rv-5b33~r9hf~6pdx,2020/05/13 23:28:10.857,2020/05/13 23:28:10.857,"10013","10013","10013","28709",28709,1_ZIPS,C:/Users/brian/Documents/1_ZIPS.shp
row-mfgq-w28h_fvqd,rv-k8ds.svpx-rvmx,2020/05/13 23:28:10.857,2020/05/13 23:28:10.857,"10014","10014","10014","30738",30738,1_ZIPS,C:/Users/brian/Documents/1_ZIPS.shp
row-gvg2.5r6m-efd9,rv-wj6m-6fj9-tt3b,2020/05/13 23:28:10.857,2020/05/13 23:28:10.857,"10018","10018","10018","9687",9687,1_ZIPS,C:/Users/brian/Documents/1_ZIPS.shp
row-yhmv-af9e-n2aw,rv-hdgb.hcfj~ycvs,2020/05/13 23:28:10.857,2020/05/13 23:28:10.857,"10019","10019, 10020","10019, 10020, 10103, 10111, 10112","43703",43703,1_ZIPS,C:/Users/brian/Documents/1_ZIPS.shp
row-guu6-essg-pddm,rv-u8rq~syph-hbbx,2020/05/13 23:28:10.857,2020/05/13 23:28:10.857,"10023","10023","10023","62435",62435,1_ZIPS,C:/Users/brian/Documents/1_ZIPS.shp
row-39yx~3czu~gmhc,rv-mvs6~gi5a.9dqp,2020/05/13 23:28:10.857,2020/05/13 23:28:10.857,"10024","10024","10024","59001",59001,1_ZIPS,C:/Users/brian/Documents/1_ZIPS.shp
row-qyxq~mz9s-96hb,rv-v8b4~pcvr~r9mk,2020/05/13 23:28:10.857,2020/05/13 23:28:10.857,"10025","10025","10025","92805",92805,1_ZIPS,C:/Users/brian/Documents/1_ZIPS.shp
row-fmsw-29ay~uaqt,rv-v9c8_i25y-bbem,2020/05/13 23:28:10.857,2020/05/13 23:28:10.857,"10027","10027","10027, 10115","64548",64548,1_ZIPS,C:/Users/brian/Documents/1_ZIPS.shp
row-qdbz-4fxn_2nsd,rv-kh75_6zy2~ectd,2020/05/13 23:28:10.857,2020/05/13 23:28:10.857,"10031","10031","10031","60254",60254,1_ZIPS,C:/Users/brian/Documents/1_ZIPS.shp
row-c4gt_fw5w_2w2n,rv-ej5e_vji9~mbah,2020/05/13 23:28:10.857,2020/05/13 23:28:10.857,"10032","10032","10032","64264",64264,1_ZIPS,C:/Users/brian/Documents/1_ZIPS.shp
row-dceb~su94-it8w,rv-2n3b-nzg4.msx7,2020/05/13 23:28:10.857,2020/05/13 23:28:10.857,"10033","10033","10033","59607",59607,1_ZIPS,C:/Users/brian/Documents/1_ZIPS.shp
row-8c9h.dw9s~y9ry,rv-w97v~b8j4-97ua,2020/05/13 23:28:10.857,2020/05/13 23:28:10.857,"10034","10034","10034","42910",42910,1_ZIPS,C:/Users/brian/Documents/1_ZIPS.shp
row-4p2f~c6xi.qtx4,rv-6zk6-295j.wnpf,2020/05/13 23:28:10.857,2020/05/13 23:28:10.857,"10036","10036","10036, 10110","27428",27428,1_ZIPS,C:/Users/brian/Documents/1_ZIPS.shp
row-2bgz-d6pk_efg5,rv-9g5y-5ask_ad72,2020/05/13 23:28:10.857,2020/05/13 23:28:10.857,"10040","10040","10040","44571",44571,1_ZIPS,C:/Users/brian/Documents/1_ZIPS.shp
row-a97z~dtc7_fx4x,rv-sx43_em3p.fbw8,2020/05/13 23:28:10.857,2020/05/13 23:28:10.857,"10463","10463","10463","71360",71360,1_ZIPS,C:/Users/brian/Documents/1_ZIPS.shp
row-4qvz~2qww.5x5j,rv-tfkf~e25t_bbcj,2020/05/13 23:28:10.857,2020/05/13 23:28:10.857,"10471","10471","10471","21896",21896,1_ZIPS,C:/Users/brian/Documents/1_ZIPS.shp
row-gpt4_p42m_6vva,rv-ifsq~eg4w~ai57,2020/05/13 23:28:10.857,2020/05/13 23:28:10.857,"10001","10001, 10118","10001, 10119, 10199","23072",23072,2_ZIPS,C:/Users/brian/Documents/2_ZIPS.shp
row-ybyu_gysg-cn9b,rv-mn4n.y64c-dt8w,2020/05/13 23:28:10.857,2020/05/13 23:28:10.857,"10026","10026","10026","39363",39363,2_ZIPS,C:/Users/brian/Documents/2_ZIPS.shp
row-5tvi_hb3c-6qz6,rv-m2qf-b3bm.h8vn,2020/05/13 23:28:10.857,2020/05/13 23:28:10.857,"10004","10004","10004","3028",3028,2_ZIPS,C:/Users/brian/Documents/2_ZIPS.shp
row-sxx7~hmhh.whut,rv-bgir_pbdf_7fim,2020/05/13 23:28:10.857,2020/05/13 23:28:10.857,"10005","10005","10005, 10271","8831",8831,2_ZIPS,C:/Users/brian/Documents/2_ZIPS.shp
row-juqi~zbqg_y7er,rv-r2cv-me3e-csz8,2020/05/13 23:28:10.857,2020/05/13 23:28:10.857,"10007","10007","10007, 10278, 10279","7023",7023,2_ZIPS,C:/Users/brian/Documents/2_ZIPS.shp
row-2m2d_b8aj_3s7w,rv-gumn_zjt6~dupe,2020/05/13 23:28:10.857,2020/05/13 23:28:10.857,"10011","10011","10011","50472",50472,2_ZIPS,C:/Users/brian/Documents/2_ZIPS.shp
row-89t3.q4uf~yayv,rv-5b33~r9hf~6pdx,2020/05/13 23:28:10.857,2020/05/13 23:28:10.857,"10013","10013","10013","28709",28709,2_ZIPS,C:/Users/brian/Documents/2_ZIPS.shp
row-mfgq-w28h_fvqd,rv-k8ds.svpx-rvmx,2020/05/13 23:28:10.857,2020/05/13 23:28:10.857,"10014","10014","10014","30738",30738,2_ZIPS,C:/Users/brian/Documents/2_ZIPS.shp
row-gvg2.5r6m-efd9,rv-wj6m-6fj9-tt3b,2020/05/13 23:28:10.857,2020/05/13 23:28:10.857,"10018","10018","10018","9687",9687,2_ZIPS,C:/Users/brian/Documents/2_ZIPS.shp
row-ggti_646s~j7re,rv-bq3e.9cdn_wr5f,2020/05/13 23:28:10.857,2020/05/13 23:28:10.857,"10030","10030","10030","29882",29882,2_ZIPS,C:/Users/brian/Documents/2_ZIPS.shp
row-yhmv-af9e-n2aw,rv-hdgb.hcfj~ycvs,2020/05/13 23:28:10.857,2020/05/13 23:28:10.857,"10019","10019, 10020","10019, 10020, 10103, 10111, 10112","43703",43703,2_ZIPS,C:/Users/brian/Documents/2_ZIPS.shp
row-guu6-essg-pddm,rv-u8rq~syph-hbbx,2020/05/13 23:28:10.857,2020/05/13 23:28:10.857,"10023","10023","10023","62435",62435,2_ZIPS,C:/Users/brian/Documents/2_ZIPS.shp
row-39yx~3czu~gmhc,rv-mvs6~gi5a.9dqp,2020/05/13 23:28:10.857,2020/05/13 23:28:10.857,"10024","10024","10024","59001",59001,2_ZIPS,C:/Users/brian/Documents/2_ZIPS.shp
row-qyxq~mz9s-96hb,rv-v8b4~pcvr~r9mk,2020/05/13 23:28:10.857,2020/05/13 23:28:10.857,"10025","10025","10025","92805",92805,2_ZIPS,C:/Users/brian/Documents/2_ZIPS.shp
row-fmsw-29ay~uaqt,rv-v9c8_i25y-bbem,2020/05/13 23:28:10.857,2020/05/13 23:28:10.857,"10027","10027","10027, 10115","64548",64548,2_ZIPS,C:/Users/brian/Documents/2_ZIPS.shp
row-budf.kp4q-pgf3,rv-ay9b.pa78_fx35,2020/05/13 23:28:10.857,2020/05/13 23:28:10.857,"10037","10037","10037","21139",21139,2_ZIPS,C:/Users/brian/Documents/2_ZIPS.shp
row-4p2f~c6xi.qtx4,rv-6zk6-295j.wnpf,2020/05/13 23:28:10.857,2020/05/13 23:28:10.857,"10036","10036","10036, 10110","27428",27428,2_ZIPS,C:/Users/brian/Documents/2_ZIPS.shp
row-t7nb.kbfs~sg78,rv-a232-hpvu.ktac,2020/05/13 23:28:10.857,2020/05/13 23:28:10.857,"10038","10038","10038","22800",22800,2_ZIPS,C:/Users/brian/Documents/2_ZIPS.shp
row-sagg.djrv-9kh5,rv-6kap.tbuw.kdk7,2020/05/13 23:28:10.857,2020/05/13 23:28:10.857,"10039","10039","10039","27726",27726,2_ZIPS,C:/Users/brian/Documents/2_ZIPS.shp
row-vedr_3bnf_knf3,rv-xg8z_e4r4_btcv,2020/05/13 23:28:10.857,2020/05/13 23:28:10.857,"10451","10451","10451","47798",47798,2_ZIPS,C:/Users/brian/Documents/2_ZIPS.shp
row-2qs6~wgiv-nx7m,rv-2k7j-smpf_vcxg,2020/05/13 23:28:10.857,2020/05/13 23:28:10.857,"10455","10455","10455","42283",42283,2_ZIPS,C:/Users/brian/Documents/2_ZIPS.shp
row-btqw~sfgj-zfcm,rv-hid3_a8gg.rrcd,2020/05/13 23:28:10.857,2020/05/13 23:28:10.857,"10459","10459","10459","48351",48351,2_ZIPS,C:/Users/brian/Documents/2_ZIPS.shp
row-86af-mste~r9rz,rv-wx5f~wxpp.azn4,2020/05/13 23:28:10.857,2020/05/13 23:28:10.857,"10460","10460","10460","59505",59505,2_ZIPS,C:/Users/brian/Documents/2_ZIPS.shp
row-8xhn-2im6_wete,rv-g6d4.4wsx-wvav,2020/05/13 23:28:10.857,2020/05/13 23:28:10.857,"10462","10462","10462","76756",76756,2_ZIPS,C:/Users/brian/Documents/2_ZIPS.shp
row-cez7_fr5j~um63,rv-pvy5-ytx8~nudp,2020/05/13 23:28:10.857,2020/05/13 23:28:10.857,"10466","10466","10466","72479",72479,2_ZIPS,C:/Users/brian/Documents/2_ZIPS.shp
row-4gtv~jrwh_skg6,rv-22g6.gkhb-bz8a,2020/05/13 23:28:10.857,2020/05/13 23:28:10.857,"10467","10467","10467","103732",103732,2_ZIPS,C:/Users/brian/Documents/2_ZIPS.shp
row-t485-unif.8x48,rv-nz3t.pexr-aba4,2020/05/13 23:28:10.857,2020/05/13 23:28:10.857,"10470","10470","10470","15432",15432,2_ZIPS,C:/Users/brian/Documents/2_ZIPS.shp
row-huf4~2hg5_z872,rv-v6tk~xk99.f44y,2020/05/13 23:28:10.857,2020/05/13 23:28:10.857,"11201","11201","11201","62823",62823,2_ZIPS,C:/Users/brian/Documents/2_ZIPS.shp
row-suwm_954v.pnd2,rv-z8z8-n3mc-5f8i,2020/05/13 23:28:10.857,2020/05/13 23:28:10.857,"11210","11210","11210","67040",67040,2_ZIPS,C:/Users/brian/Documents/2_ZIPS.shp
row-tj8n~4r3q~ycxu,rv-krsh.j535-qa5s,2020/05/13 23:28:10.857,2020/05/13 23:28:10.857,"11217","11217, 11243","11217","41407",41407,2_ZIPS,C:/Users/brian/Documents/2_ZIPS.shp
row-qhrf_vptb_2dah,rv-cm7k~k4p8~prjh,2020/05/13 23:28:10.857,2020/05/13 23:28:10.857,"11225","11225","11225","58882",58882,2_ZIPS,C:/Users/brian/Documents/2_ZIPS.shp
row-biiy-jh2h~67td,rv-epwm-z4wk.t9g8,2020/05/13 23:28:10.857,2020/05/13 23:28:10.857,"11226","11226","11226","100277",100277,2_ZIPS,C:/Users/brian/Documents/2_ZIPS.shp
row-v3bg~arr9.jnvt,rv-gtup~r4eq-9vic,2020/05/13 23:28:10.857,2020/05/13 23:28:10.857,"11238","11238","11238","54540",54540,2_ZIPS,C:/Users/brian/Documents/2_ZIPS.shp
row-eidq.uyer_5i6t,rv-gcmz~ma89-jux8,2020/05/13 23:28:10.857,2020/05/13 23:28:10.857,"99999",,"99999","0",0,2_ZIPS,C:/Users/brian/Documents/2_ZIPS.shp
row-gpt4_p42m_6vva,rv-ifsq~eg4w~ai57,2020/05/13 23:28:10.857,2020/05/13 23:28:10.857,"10001","10001, 10118","10001, 10119, 10199","23072",23072,3_ZIPS,C:/Users/brian/Documents/3_ZIPS.shp
row-ybyu_gysg-cn9b,rv-mn4n.y64c-dt8w,2020/05/13 23:28:10.857,2020/05/13 23:28:10.857,"10026","10026","10026","39363",39363,3_ZIPS,C:/Users/brian/Documents/3_ZIPS.shp
row-5tvi_hb3c-6qz6,rv-m2qf-b3bm.h8vn,2020/05/13 23:28:10.857,2020/05/13 23:28:10.857,"10004","10004","10004","3028",3028,3_ZIPS,C:/Users/brian/Documents/3_ZIPS.shp
row-sxx7~hmhh.whut,rv-bgir_pbdf_7fim,2020/05/13 23:28:10.857,2020/05/13 23:28:10.857,"10005","10005","10005, 10271","8831",8831,3_ZIPS,C:/Users/brian/Documents/3_ZIPS.shp
row-juqi~zbqg_y7er,rv-r2cv-me3e-csz8,2020/05/13 23:28:10.857,2020/05/13 23:28:10.857,"10007","10007","10007, 10278, 10279","7023",7023,3_ZIPS,C:/Users/brian/Documents/3_ZIPS.shp
row-2m2d_b8aj_3s7w,rv-gumn_zjt6~dupe,2020/05/13 23:28:10.857,2020/05/13 23:28:10.857,"10011","10011","10011","50472",50472,3_ZIPS,C:/Users/brian/Documents/3_ZIPS.shp
row-89t3.q4uf~yayv,rv-5b33~r9hf~6pdx,2020/05/13 23:28:10.857,2020/05/13 23:28:10.857,"10013","10013","10013","28709",28709,3_ZIPS,C:/Users/brian/Documents/3_ZIPS.shp
row-mfgq-w28h_fvqd,rv-k8ds.svpx-rvmx,2020/05/13 23:28:10.857,2020/05/13 23:28:10.857,"10014","10014","10014","30738",30738,3_ZIPS,C:/Users/brian/Documents/3_ZIPS.shp
row-gvg2.5r6m-efd9,rv-wj6m-6fj9-tt3b,2020/05/13 23:28:10.857,2020/05/13 23:28:10.857,"10018","10018","10018","9687",9687,3_ZIPS,C:/Users/brian/Documents/3_ZIPS.shp
row-ggti_646s~j7re,rv-bq3e.9cdn_wr5f,2020/05/13 23:28:10.857,2020/05/13 23:28:10.857,"10030","10030","10030","29882",29882,3_ZIPS,C:/Users/brian/Documents/3_ZIPS.shp
row-yhmv-af9e-n2aw,rv-hdgb.hcfj~ycvs,2020/05/13 23:28:10.857,2020/05/13 23:28:10.857,"10019","10019, 10020","10019, 10020, 10103, 10111, 10112","43703",43703,3_ZIPS,C:/Users/brian/Documents/3_ZIPS.shp
row-guu6-essg-pddm,rv-u8rq~syph-hbbx,2020/05/13 23:28:10.857,2020/05/13 23:28:10.857,"10023","10023","10023","62435",62435,3_ZIPS,C:/Users/brian/Documents/3_ZIPS.shp
row-39yx~3czu~gmhc,rv-mvs6~gi5a.9dqp,2020/05/13 23:28:10.857,2020/05/13 23:28:10.857,"10024","10024","10024","59001",59001,3_ZIPS,C:/Users/brian/Documents/3_ZIPS.shp
row-qyxq~mz9s-96hb,rv-v8b4~pcvr~r9mk,2020/05/13 23:28:10.857,2020/05/13 23:28:10.857,"10025","10025","10025","92805",92805,3_ZIPS,C:/Users/brian/Documents/3_ZIPS.shp
row-fmsw-29ay~uaqt,rv-v9c8_i25y-bbem,2020/05/13 23:28:10.857,2020/05/13 23:28:10.857,"10027","10027","10027, 10115","64548",64548,3_ZIPS,C:/Users/brian/Documents/3_ZIPS.shp
row-budf.kp4q-pgf3,rv-ay9b.pa78_fx35,2020/05/13 23:28:10.857,2020/05/13 23:28:10.857,"10037","10037","10037","21139",21139,3_ZIPS,C:/Users/brian/Documents/3_ZIPS.shp
row-4p2f~c6xi.qtx4,rv-6zk6-295j.wnpf,2020/05/13 23:28:10.857,2020/05/13 23:28:10.857,"10036","10036","10036, 10110","27428",27428,3_ZIPS,C:/Users/brian/Documents/3_ZIPS.shp
row-t7nb.kbfs~sg78,rv-a232-hpvu.ktac,2020/05/13 23:28:10.857,2020/05/13 23:28:10.857,"10038","10038","10038","22800",22800,3_ZIPS,C:/Users/brian/Documents/3_ZIPS.shp
row-sagg.djrv-9kh5,rv-6kap.tbuw.kdk7,2020/05/13 23:28:10.857,2020/05/13 23:28:10.857,"10039","10039","10039","27726",27726,3_ZIPS,C:/Users/brian/Documents/3_ZIPS.shp
row-huf4~2hg5_z872,rv-v6tk~xk99.f44y,2020/05/13 23:28:10.857,2020/05/13 23:28:10.857,"11201","11201","11201","62823",62823,3_ZIPS,C:/Users/brian/Documents/3_ZIPS.shp
row-qj7r_7i8n-xvnr,rv-kxzd_tcen-ihh7,2020/05/13 23:28:10.857,2020/05/13 23:28:10.857,"11207","11207","11207","91972",91972,3_ZIPS,C:/Users/brian/Documents/3_ZIPS.shp
row-wzcb_fmrp_pcm9,rv-wbz8.ayxz~nkdx,2020/05/13 23:28:10.857,2020/05/13 23:28:10.857,"11212","11212","11212","76527",76527,3_ZIPS,C:/Users/brian/Documents/3_ZIPS.shp
row-ripv.9ii5_ypfe,rv-gnw7-2edj_gic3,2020/05/13 23:28:10.857,2020/05/13 23:28:10.857,"11213","11213","11213","66295",66295,3_ZIPS,C:/Users/brian/Documents/3_ZIPS.shp
row-tj8n~4r3q~ycxu,rv-krsh.j535-qa5s,2020/05/13 23:28:10.857,2020/05/13 23:28:10.857,"11217","11217, 11243","11217","41407",41407,3_ZIPS,C:/Users/brian/Documents/3_ZIPS.shp
row-qhrf_vptb_2dah,rv-cm7k~k4p8~prjh,2020/05/13 23:28:10.857,2020/05/13 23:28:10.857,"11225","11225","11225","58882",58882,3_ZIPS,C:/Users/brian/Documents/3_ZIPS.shp
row-v3bg~arr9.jnvt,rv-gtup~r4eq-9vic,2020/05/13 23:28:10.857,2020/05/13 23:28:10.857,"11238","11238","11238","54540",54540,3_ZIPS,C:/Users/brian/Documents/3_ZIPS.shp
row-eidq.uyer_5i6t,rv-gcmz~ma89-jux8,2020/05/13 23:28:10.857,2020/05/13 23:28:10.857,"99999",,"99999","0",0,3_ZIPS,C:/Users/brian/Documents/3_ZIPS.shp
row-biyt~mhqy-petn,rv-gkuq_5peu.nhnh,2020/05/13 23:28:10.857,2020/05/13 23:28:10.857,"10003","10003","10003","54682",54682,4_ZIP,C:/Users/brian/Documents/4_ZIP.shp
row-5tvi_hb3c-6qz6,rv-m2qf-b3bm.h8vn,2020/05/13 23:28:10.857,2020/05/13 23:28:10.857,"10004","10004","10004","3028",3028,4_ZIP,C:/Users/brian/Documents/4_ZIP.shp
row-sxx7~hmhh.whut,rv-bgir_pbdf_7fim,2020/05/13 23:28:10.857,2020/05/13 23:28:10.857,"10005","10005","10005, 10271","8831",8831,4_ZIP,C:/Users/brian/Documents/4_ZIP.shp
row-auib-z6mc_nkcq,rv-89qs-s7cd~ryjy,2020/05/13 23:28:10.857,2020/05/13 23:28:10.857,"10006","10006","10006","3454",3454,4_ZIP,C:/Users/brian/Documents/4_ZIP.shp
row-juqi~zbqg_y7er,rv-r2cv-me3e-csz8,2020/05/13 23:28:10.857,2020/05/13 23:28:10.857,"10007","10007","10007, 10278, 10279","7023",7023,4_ZIP,C:/Users/brian/Documents/4_ZIP.shp
row-mhqc~whzi~h77n,rv-jh96~vsxh.rat9,2020/05/13 23:28:10.857,2020/05/13 23:28:10.857,"10010","10010","10010","33730",33730,4_ZIP,C:/Users/brian/Documents/4_ZIP.shp
row-w7za.gzq2-5puc,rv-m75m~zjsg~bdyv,2020/05/13 23:28:10.857,2020/05/13 23:28:10.857,"10012","10012","10012","23411",23411,4_ZIP,C:/Users/brian/Documents/4_ZIP.shp
row-89t3.q4uf~yayv,rv-5b33~r9hf~6pdx,2020/05/13 23:28:10.857,2020/05/13 23:28:10.857,"10013","10013","10013","28709",28709,4_ZIP,C:/Users/brian/Documents/4_ZIP.shp
row-87qs_bwnd-rau5,rv-gthr.re9f.cnaz,2020/05/13 23:28:10.857,2020/05/13 23:28:10.857,"10016","10016","10016","51057",51057,4_ZIP,C:/Users/brian/Documents/4_ZIP.shp
row-de84.ag57_bh2k,rv-2a45.v7v2~wvdc,2020/05/13 23:28:10.857,2020/05/13 23:28:10.857,"10017","10017","10017, 10165, 10167, 10168, 10169, 10170, 10171, 10172, 10173, 10174, 10177","15801",15801,4_ZIP,C:/Users/brian/Documents/4_ZIP.shp
row-6q32.wew5_hffh,rv-cwck.2ec5.srqi,2020/05/13 23:28:10.857,2020/05/13 23:28:10.857,"10021","10021","10021","46215",46215,4_ZIP,C:/Users/brian/Documents/4_ZIP.shp
row-sbr6.bsnj-yb8p,rv-wwmi.6s8g~a8ce,2020/05/13 23:28:10.857,2020/05/13 23:28:10.857,"10022","10022","10022, 10152, 10153, 10154","31125",31125,4_ZIP,C:/Users/brian/Documents/4_ZIP.shp
row-gd32.v3sk~i6th,rv-46i3-6zmi~5jm4,2020/05/13 23:28:10.857,2020/05/13 23:28:10.857,"10028","10028","10028","47793",47793,4_ZIP,C:/Users/brian/Documents/4_ZIP.shp
row-qkxk_6mpr_iexs,rv-k5bh~2jjb_4iyk,2020/05/13 23:28:10.857,2020/05/13 23:28:10.857,"10029","10029","10029","79597",79597,4_ZIP,C:/Users/brian/Documents/4_ZIP.shp
row-budf.kp4q-pgf3,rv-ay9b.pa78_fx35,2020/05/13 23:28:10.857,2020/05/13 23:28:10.857,"10037","10037","10037","21139",21139,4_ZIP,C:/Users/brian/Documents/4_ZIP.shp
row-8rr6-5g74_satm,rv-fpmf~2pz3.e6yc,2020/05/13 23:28:10.857,2020/05/13 23:28:10.857,"10035","10035","10035","35743",35743,4_ZIP,C:/Users/brian/Documents/4_ZIP.shp
row-t7nb.kbfs~sg78,rv-a232-hpvu.ktac,2020/05/13 23:28:10.857,2020/05/13 23:28:10.857,"10038","10038","10038","22800",22800,4_ZIP,C:/Users/brian/Documents/4_ZIP.shp
row-pbfh.92bz_zy5s,rv-5zm2_bk5r_haqz,2020/05/13 23:28:10.857,2020/05/13 23:28:10.857,"10128","10128","10128","59256",59256,4_ZIP,C:/Users/brian/Documents/4_ZIP.shp
row-hip5~vb8h~acqj,rv-2evq-h8ky_cwup,2020/05/13 23:28:10.857,2020/05/13 23:28:10.857,"10065","10065","10065","28109",28109,4_ZIP,C:/Users/brian/Documents/4_ZIP.shp
row-4b3c~z9w4-csb4,rv-ytxv.7bj2-rjq9,2020/05/13 23:28:10.857,2020/05/13 23:28:10.857,"10075","10075, 10162","10075, 10162","23140",23140,4_ZIP,C:/Users/brian/Documents/4_ZIP.shp
row-vedr_3bnf_knf3,rv-xg8z_e4r4_btcv,2020/05/13 23:28:10.857,2020/05/13 23:28:10.857,"10451","10451","10451","47798",47798,4_ZIP,C:/Users/brian/Documents/4_ZIP.shp
row-8evi~ztke-7e4a,rv-b4uc-iyja~cfxk,2020/05/13 23:28:10.857,2020/05/13 23:28:10.857,"10452","10452","10452","76078",76078,4_ZIP,C:/Users/brian/Documents/4_ZIP.shp
row-khzp.ynze~ijdf,rv-7ik3_wvyi.3tgs,2020/05/13 23:28:10.857,2020/05/13 23:28:10.857,"10453","10453","10453","79606",79606,4_ZIP,C:/Users/brian/Documents/4_ZIP.shp
row-4gtv~jrwh_skg6,rv-22g6.gkhb-bz8a,2020/05/13 23:28:10.857,2020/05/13 23:28:10.857,"10467","10467","10467","103732",103732,4_ZIP,C:/Users/brian/Documents/4_ZIP.shp
row-y638-qprp~e6yq,rv-es63~3szk-3kw7,2020/05/13 23:28:10.857,2020/05/13 23:28:10.857,"10468","10468","10468","78647",78647,4_ZIP,C:/Users/brian/Documents/4_ZIP.shp
row-huf4~2hg5_z872,rv-v6tk~xk99.f44y,2020/05/13 23:28:10.857,2020/05/13 23:28:10.857,"11201","11201","11201","62823",62823,4_ZIP,C:/Users/brian/Documents/4_ZIP.shp
row-ripv.9ii5_ypfe,rv-gnw7-2edj_gic3,2020/05/13 23:28:10.857,2020/05/13 23:28:10.857,"11213","11213","11213","66295",66295,4_ZIP,C:/Users/brian/Documents/4_ZIP.shp
row-tj8n~4r3q~ycxu,rv-krsh.j535-qa5s,2020/05/13 23:28:10.857,2020/05/13 23:28:10.857,"11217","11217, 11243","11217","41407",41407,4_ZIP,C:/Users/brian/Documents/4_ZIP.shp
row-qhrf_vptb_2dah,rv-cm7k~k4p8~prjh,2020/05/13 23:28:10.857,2020/05/13 23:28:10.857,"11225","11225","11225","58882",58882,4_ZIP,C:/Users/brian/Documents/4_ZIP.shp
row-v3bg~arr9.jnvt,rv-gtup~r4eq-9vic,2020/05/13 23:28:10.857,2020/05/13 23:28:10.857,"11238","11238","11238","54540",54540,4_ZIP,C:/Users/brian/Documents/4_ZIP.shp
row-biyt~mhqy-petn,rv-gkuq_5peu.nhnh,2020/05/13 23:28:10.857,2020/05/13 23:28:10.857,"10003","10003","10003","54682",54682,5_ZIPS,C:/Users/brian/Documents/5_ZIPS.shp
row-5tvi_hb3c-6qz6,rv-m2qf-b3bm.h8vn,2020/05/13 23:28:10.857,2020/05/13 23:28:10.857,"10004","10004","10004","3028",3028,5_ZIPS,C:/Users/brian/Documents/5_ZIPS.shp
row-sxx7~hmhh.whut,rv-bgir_pbdf_7fim,2020/05/13 23:28:10.857,2020/05/13 23:28:10.857,"10005","10005","10005, 10271","8831",8831,5_ZIPS,C:/Users/brian/Documents/5_ZIPS.shp
row-auib-z6mc_nkcq,rv-89qs-s7cd~ryjy,2020/05/13 23:28:10.857,2020/05/13 23:28:10.857,"10006","10006","10006","3454",3454,5_ZIPS,C:/Users/brian/Documents/5_ZIPS.shp
row-juqi~zbqg_y7er,rv-r2cv-me3e-csz8,2020/05/13 23:28:10.857,2020/05/13 23:28:10.857,"10007","10007","10007, 10278, 10279","7023",7023,5_ZIPS,C:/Users/brian/Documents/5_ZIPS.shp
row-mhqc~whzi~h77n,rv-jh96~vsxh.rat9,2020/05/13 23:28:10.857,2020/05/13 23:28:10.857,"10010","10010","10010","33730",33730,5_ZIPS,C:/Users/brian/Documents/5_ZIPS.shp
row-w7za.gzq2-5puc,rv-m75m~zjsg~bdyv,2020/05/13 23:28:10.857,2020/05/13 23:28:10.857,"10012","10012","10012","23411",23411,5_ZIPS,C:/Users/brian/Documents/5_ZIPS.shp
row-89t3.q4uf~yayv,rv-5b33~r9hf~6pdx,2020/05/13 23:28:10.857,2020/05/13 23:28:10.857,"10013","10013","10013","28709",28709,5_ZIPS,C:/Users/brian/Documents/5_ZIPS.shp
row-87qs_bwnd-rau5,rv-gthr.re9f.cnaz,2020/05/13 23:28:10.857,2020/05/13 23:28:10.857,"10016","10016","10016","51057",51057,5_ZIPS,C:/Users/brian/Documents/5_ZIPS.shp
row-de84.ag57_bh2k,rv-2a45.v7v2~wvdc,2020/05/13 23:28:10.857,2020/05/13 23:28:10.857,"10017","10017","10017, 10165, 10167, 10168, 10169, 10170, 10171, 10172, 10173, 10174, 10177","15801",15801,5_ZIPS,C:/Users/brian/Documents/5_ZIPS.shp
row-6q32.wew5_hffh,rv-cwck.2ec5.srqi,2020/05/13 23:28:10.857,2020/05/13 23:28:10.857,"10021","10021","10021","46215",46215,5_ZIPS,C:/Users/brian/Documents/5_ZIPS.shp
row-sbr6.bsnj-yb8p,rv-wwmi.6s8g~a8ce,2020/05/13 23:28:10.857,2020/05/13 23:28:10.857,"10022","10022","10022, 10152, 10153, 10154","31125",31125,5_ZIPS,C:/Users/brian/Documents/5_ZIPS.shp
row-gd32.v3sk~i6th,rv-46i3-6zmi~5jm4,2020/05/13 23:28:10.857,2020/05/13 23:28:10.857,"10028","10028","10028","47793",47793,5_ZIPS,C:/Users/brian/Documents/5_ZIPS.shp
row-qkxk_6mpr_iexs,rv-k5bh~2jjb_4iyk,2020/05/13 23:28:10.857,2020/05/13 23:28:10.857,"10029","10029","10029","79597",79597,5_ZIPS,C:/Users/brian/Documents/5_ZIPS.shp
row-budf.kp4q-pgf3,rv-ay9b.pa78_fx35,2020/05/13 23:28:10.857,2020/05/13 23:28:10.857,"10037","10037","10037","21139",21139,5_ZIPS,C:/Users/brian/Documents/5_ZIPS.shp
row-8rr6-5g74_satm,rv-fpmf~2pz3.e6yc,2020/05/13 23:28:10.857,2020/05/13 23:28:10.857,"10035","10035","10035","35743",35743,5_ZIPS,C:/Users/brian/Documents/5_ZIPS.shp
row-t7nb.kbfs~sg78,rv-a232-hpvu.ktac,2020/05/13 23:28:10.857,2020/05/13 23:28:10.857,"10038","10038","10038","22800",22800,5_ZIPS,C:/Users/brian/Documents/5_ZIPS.shp
row-pbfh.92bz_zy5s,rv-5zm2_bk5r_haqz,2020/05/13 23:28:10.857,2020/05/13 23:28:10.857,"10128","10128","10128","59256",59256,5_ZIPS,C:/Users/brian/Documents/5_ZIPS.shp
row-hip5~vb8h~acqj,rv-2evq-h8ky_cwup,2020/05/13 23:28:10.857,2020/05/13 23:28:10.857,"10065","10065","10065","28109",28109,5_ZIPS,C:/Users/brian/Documents/5_ZIPS.shp
row-4b3c~z9w4-csb4,rv-ytxv.7bj2-rjq9,2020/05/13 23:28:10.857,2020/05/13 23:28:10.857,"10075","10075, 10162","10075, 10162","23140",23140,5_ZIPS,C:/Users/brian/Documents/5_ZIPS.shp
row-vedr_3bnf_knf3,rv-xg8z_e4r4_btcv,2020/05/13 23:28:10.857,2020/05/13 23:28:10.857,"10451","10451","10451","47798",47798,5_ZIPS,C:/Users/brian/Documents/5_ZIPS.shp
row-2qs6~wgiv-nx7m,rv-2k7j-smpf_vcxg,2020/05/13 23:28:10.857,2020/05/13 23:28:10.857,"10455","10455","10455","42283",42283,5_ZIPS,C:/Users/brian/Documents/5_ZIPS.shp
row-btqw~sfgj-zfcm,rv-hid3_a8gg.rrcd,2020/05/13 23:28:10.857,2020/05/13 23:28:10.857,"10459","10459","10459","48351",48351,5_ZIPS,C:/Users/brian/Documents/5_ZIPS.shp
row-86af-mste~r9rz,rv-wx5f~wxpp.azn4,2020/05/13 23:28:10.857,2020/05/13 23:28:10.857,"10460","10460","10460","59505",59505,5_ZIPS,C:/Users/brian/Documents/5_ZIPS.shp
row-agpv_qgre.5ytt,rv-2rqb_maak_ntp3,2020/05/13 23:28:10.857,2020/05/13 23:28:10.857,"10461","10461","10461","50348",50348,5_ZIPS,C:/Users/brian/Documents/5_ZIPS.shp
row-8xhn-2im6_wete,rv-g6d4.4wsx-wvav,2020/05/13 23:28:10.857,2020/05/13 23:28:10.857,"10462","10462","10462","76756",76756,5_ZIPS,C:/Users/brian/Documents/5_ZIPS.shp
row-cez7_fr5j~um63,rv-pvy5-ytx8~nudp,2020/05/13 23:28:10.857,2020/05/13 23:28:10.857,"10466","10466","10466","72479",72479,5_ZIPS,C:/Users/brian/Documents/5_ZIPS.shp
row-4gtv~jrwh_skg6,rv-22g6.gkhb-bz8a,2020/05/13 23:28:10.857,2020/05/13 23:28:10.857,"10467","10467","10467","103732",103732,5_ZIPS,C:/Users/brian/Documents/5_ZIPS.shp
row-vyrs~ruhe.hy3g,rv-k3yg~hqce-vfyt,2020/05/13 23:28:10.857,2020/05/13 23:28:10.857,"10469","10469","10469","73870",73870,5_ZIPS,C:/Users/brian/Documents/5_ZIPS.shp
row-nnyk-wiv4.6ure,rv-yiyn-ajqp.nxms,2020/05/13 23:28:10.857,2020/05/13 23:28:10.857,"10475","10475","10475","43208",43208,5_ZIPS,C:/Users/brian/Documents/5_ZIPS.shp
row-huf4~2hg5_z872,rv-v6tk~xk99.f44y,2020/05/13 23:28:10.857,2020/05/13 23:28:10.857,"11201","11201","11201","62823",62823,5_ZIPS,C:/Users/brian/Documents/5_ZIPS.shp
row-suwm_954v.pnd2,rv-z8z8-n3mc-5f8i,2020/05/13 23:28:10.857,2020/05/13 23:28:10.857,"11210","11210","11210","67040",67040,5_ZIPS,C:/Users/brian/Documents/5_ZIPS.shp
row-tj8n~4r3q~ycxu,rv-krsh.j535-qa5s,2020/05/13 23:28:10.857,2020/05/13 23:28:10.857,"11217","11217, 11243","11217","41407",41407,5_ZIPS,C:/Users/brian/Documents/5_ZIPS.shp
row-qhrf_vptb_2dah,rv-cm7k~k4p8~prjh,2020/05/13 23:28:10.857,2020/05/13 23:28:10.857,"11225","11225","11225","58882",58882,5_ZIPS,C:/Users/brian/Documents/5_ZIPS.shp
row-biiy-jh2h~67td,rv-epwm-z4wk.t9g8,2020/05/13 23:28:10.857,2020/05/13 23:28:10.857,"11226","11226","11226","100277",100277,5_ZIPS,C:/Users/brian/Documents/5_ZIPS.shp
row-v3bg~arr9.jnvt,rv-gtup~r4eq-9vic,2020/05/13 23:28:10.857,2020/05/13 23:28:10.857,"11238","11238","11238","54540",54540,5_ZIPS,C:/Users/brian/Documents/5_ZIPS.shp
row-biyt~mhqy-petn,rv-gkuq_5peu.nhnh,2020/05/13 23:28:10.857,2020/05/13 23:28:10.857,"10003","10003","10003","54682",54682,6_ZIPS,C:/Users/brian/Documents/6_ZIPS.shp
row-juqi~zbqg_y7er,rv-r2cv-me3e-csz8,2020/05/13 23:28:10.857,2020/05/13 23:28:10.857,"10007","10007","10007, 10278, 10279","7023",7023,6_ZIPS,C:/Users/brian/Documents/6_ZIPS.shp
row-mhqc~whzi~h77n,rv-jh96~vsxh.rat9,2020/05/13 23:28:10.857,2020/05/13 23:28:10.857,"10010","10010","10010","33730",33730,6_ZIPS,C:/Users/brian/Documents/6_ZIPS.shp
row-w7za.gzq2-5puc,rv-m75m~zjsg~bdyv,2020/05/13 23:28:10.857,2020/05/13 23:28:10.857,"10012","10012","10012","23411",23411,6_ZIPS,C:/Users/brian/Documents/6_ZIPS.shp
row-89t3.q4uf~yayv,rv-5b33~r9hf~6pdx,2020/05/13 23:28:10.857,2020/05/13 23:28:10.857,"10013","10013","10013","28709",28709,6_ZIPS,C:/Users/brian/Documents/6_ZIPS.shp
row-87qs_bwnd-rau5,rv-gthr.re9f.cnaz,2020/05/13 23:28:10.857,2020/05/13 23:28:10.857,"10016","10016","10016","51057",51057,6_ZIPS,C:/Users/brian/Documents/6_ZIPS.shp
row-de84.ag57_bh2k,rv-2a45.v7v2~wvdc,2020/05/13 23:28:10.857,2020/05/13 23:28:10.857,"10017","10017","10017, 10165, 10167, 10168, 10169, 10170, 10171, 10172, 10173, 10174, 10177","15801",15801,6_ZIPS,C:/Users/brian/Documents/6_ZIPS.shp
row-6q32.wew5_hffh,rv-cwck.2ec5.srqi,2020/05/13 23:28:10.857,2020/05/13 23:28:10.857,"10021","10021","10021","46215",46215,6_ZIPS,C:/Users/brian/Documents/6_ZIPS.shp
row-sbr6.bsnj-yb8p,rv-wwmi.6s8g~a8ce,2020/05/13 23:28:10.857,2020/05/13 23:28:10.857,"10022","10022","10022, 10152, 10153, 10154","31125",31125,6_ZIPS,C:/Users/brian/Documents/6_ZIPS.shp
row-gd32.v3sk~i6th,rv-46i3-6zmi~5jm4,2020/05/13 23:28:10.857,2020/05/13 23:28:10.857,"10028","10028","10028","47793",47793,6_ZIPS,C:/Users/brian/Documents/6_ZIPS.shp
row-qkxk_6mpr_iexs,rv-k5bh~2jjb_4iyk,2020/05/13 23:28:10.857,2020/05/13 23:28:10.857,"10029","10029","10029","79597",79597,6_ZIPS,C:/Users/brian/Documents/6_ZIPS.shp
row-budf.kp4q-pgf3,rv-ay9b.pa78_fx35,2020/05/13 23:28:10.857,2020/05/13 23:28:10.857,"10037","10037","10037","21139",21139,6_ZIPS,C:/Users/brian/Documents/6_ZIPS.shp
row-8rr6-5g74_satm,rv-fpmf~2pz3.e6yc,2020/05/13 23:28:10.857,2020/05/13 23:28:10.857,"10035","10035","10035","35743",35743,6_ZIPS,C:/Users/brian/Documents/6_ZIPS.shp
row-pbfh.92bz_zy5s,rv-5zm2_bk5r_haqz,2020/05/13 23:28:10.857,2020/05/13 23:28:10.857,"10128","10128","10128","59256",59256,6_ZIPS,C:/Users/brian/Documents/6_ZIPS.shp
row-hip5~vb8h~acqj,rv-2evq-h8ky_cwup,2020/05/13 23:28:10.857,2020/05/13 23:28:10.857,"10065","10065","10065","28109",28109,6_ZIPS,C:/Users/brian/Documents/6_ZIPS.shp
row-4b3c~z9w4-csb4,rv-ytxv.7bj2-rjq9,2020/05/13 23:28:10.857,2020/05/13 23:28:10.857,"10075","10075, 10162","10075, 10162","23140",23140,6_ZIPS,C:/Users/brian/Documents/6_ZIPS.shp
row-vedr_3bnf_knf3,rv-xg8z_e4r4_btcv,2020/05/13 23:28:10.857,2020/05/13 23:28:10.857,"10451","10451","10451","47798",47798,6_ZIPS,C:/Users/brian/Documents/6_ZIPS.shp
row-t3dx.4tf8-su4i,rv-tcgh~kjsf.rzi4,2020/05/13 23:28:10.857,2020/05/13 23:28:10.857,"10454","10454","10454","38203",38203,6_ZIPS,C:/Users/brian/Documents/6_ZIPS.shp
row-2qs6~wgiv-nx7m,rv-2k7j-smpf_vcxg,2020/05/13 23:28:10.857,2020/05/13 23:28:10.857,"10455","10455","10455","42283",42283,6_ZIPS,C:/Users/brian/Documents/6_ZIPS.shp
row-btqw~sfgj-zfcm,rv-hid3_a8gg.rrcd,2020/05/13 23:28:10.857,2020/05/13 23:28:10.857,"10459","10459","10459","48351",48351,6_ZIPS,C:/Users/brian/Documents/6_ZIPS.shp
row-agpv_qgre.5ytt,rv-2rqb_maak_ntp3,2020/05/13 23:28:10.857,2020/05/13 23:28:10.857,"10461","10461","10461","50348",50348,6_ZIPS,C:/Users/brian/Documents/6_ZIPS.shp
row-8xhn-2im6_wete,rv-g6d4.4wsx-wvav,2020/05/13 23:28:10.857,2020/05/13 23:28:10.857,"10462","10462","10462","76756",76756,6_ZIPS,C:/Users/brian/Documents/6_ZIPS.shp
row-tc23-2c6y_y9nu,rv-ptkv~7r7s.brjf,2020/05/13 23:28:10.857,2020/05/13 23:28:10.857,"10472","10472","10472","68796",68796,6_ZIPS,C:/Users/brian/Documents/6_ZIPS.shp
row-3asf-edvf.3gjv,rv-y9uq-2mnb.adue,2020/05/13 23:28:10.857,2020/05/13 23:28:10.857,"10474","10474","10474","12127",12127,6_ZIPS,C:/Users/brian/Documents/6_ZIPS.shp
row-gpt4_p42m_6vva,rv-ifsq~eg4w~ai57,2020/05/13 23:28:10.857,2020/05/13 23:28:10.857,"10001","10001, 10118","10001, 10119, 10199","23072",23072,7_ZIPS,C:/Users/brian/Documents/7_ZIPS.shp
row-de84.ag57_bh2k,rv-2a45.v7v2~wvdc,2020/05/13 23:28:10.857,2020/05/13 23:28:10.857,"10017","10017","10017, 10165, 10167, 10168, 10169, 10170, 10171, 10172, 10173, 10174, 10177","15801",15801,7_ZIPS,C:/Users/brian/Documents/7_ZIPS.shp
row-gvg2.5r6m-efd9,rv-wj6m-6fj9-tt3b,2020/05/13 23:28:10.857,2020/05/13 23:28:10.857,"10018","10018","10018","9687",9687,7_ZIPS,C:/Users/brian/Documents/7_ZIPS.shp
row-4p2f~c6xi.qtx4,rv-6zk6-295j.wnpf,2020/05/13 23:28:10.857,2020/05/13 23:28:10.857,"10036","10036","10036, 10110","27428",27428,7_ZIPS,C:/Users/brian/Documents/7_ZIPS.shp
row-t2km_4x8f~gezs,rv-qtpj-eap2.5h2y,2020/05/13 23:28:10.857,2020/05/13 23:28:10.857,"11104","11104","11104","26119",26119,7_ZIPS,C:/Users/brian/Documents/7_ZIPS.shp
row-d7it.nfci-u5j6,rv-wkxy-mxuj.kwpa,2020/05/13 23:28:10.857,2020/05/13 23:28:10.857,"11101","11101","11101","30043",30043,7_ZIPS,C:/Users/brian/Documents/7_ZIPS.shp
row-an8v_v4bd-v2f4,rv-89df_xrfm_vicv,2020/05/13 23:28:10.857,2020/05/13 23:28:10.857,"11109","11109","11109","5981",5981,7_ZIPS,C:/Users/brian/Documents/7_ZIPS.shp
row-dvsu-5bah~hy5z,rv-zb5p.8ndf_qitf,2020/05/13 23:28:10.857,2020/05/13 23:28:10.857,"11354","11354","11354","55200",55200,7_ZIPS,C:/Users/brian/Documents/7_ZIPS.shp
row-4ntr_y5s9.3qye,rv-2uy7~c6yc~uapu,2020/05/13 23:28:10.857,2020/05/13 23:28:10.857,"11372","11372","11372","61844",61844,7_ZIPS,C:/Users/brian/Documents/7_ZIPS.shp
row-u27c-u9jn-6mqz,rv-tpkj-rib9-qvzj,2020/05/13 23:28:10.857,2020/05/13 23:28:10.857,"11373","11373","11373","93967",93967,7_ZIPS,C:/Users/brian/Documents/7_ZIPS.shp
row-qzu6-57xf-yaim,rv-729n.2e34.bszp,2020/05/13 23:28:10.857,2020/05/13 23:28:10.857,"11368","11368","11368","112425",112425,7_ZIPS,C:/Users/brian/Documents/7_ZIPS.shp
row-d9yn.9pta-7zmh,rv-8bgd~yu4g.v7gg,2020/05/13 23:28:10.857,2020/05/13 23:28:10.857,"11377","11377","11377","86421",86421,7_ZIPS,C:/Users/brian/Documents/7_ZIPS.shp
row-gpt4_p42m_6vva,rv-ifsq~eg4w~ai57,2020/05/13 23:28:10.857,2020/05/13 23:28:10.857,"10001","10001, 10118","10001, 10119, 10199","23072",23072,A_ZIPS,C:/Users/brian/Documents/A_ZIPS.shp
row-ybyu_gysg-cn9b,rv-mn4n.y64c-dt8w,2020/05/13 23:28:10.857,2020/05/13 23:28:10.857,"10026","10026","10026","39363",39363,A_ZIPS,C:/Users/brian/Documents/A_ZIPS.shp
row-auib-z6mc_nkcq,rv-89qs-s7cd~ryjy,2020/05/13 23:28:10.857,2020/05/13 23:28:10.857,"10006","10006","10006","3454",3454,A_ZIPS,C:/Users/brian/Documents/A_ZIPS.shp
row-juqi~zbqg_y7er,rv-r2cv-me3e-csz8,2020/05/13 23:28:10.857,2020/05/13 23:28:10.857,"10007","10007","10007, 10278, 10279","7023",7023,A_ZIPS,C:/Users/brian/Documents/A_ZIPS.shp
row-2m2d_b8aj_3s7w,rv-gumn_zjt6~dupe,2020/05/13 23:28:10.857,2020/05/13 23:28:10.857,"10011","10011","10011","50472",50472,A_ZIPS,C:/Users/brian/Documents/A_ZIPS.shp
row-w7za.gzq2-5puc,rv-m75m~zjsg~bdyv,2020/05/13 23:28:10.857,2020/05/13 23:28:10.857,"10012","10012","10012","23411",23411,A_ZIPS,C:/Users/brian/Documents/A_ZIPS.shp
row-89t3.q4uf~yayv,rv-5b33~r9hf~6pdx,2020/05/13 23:28:10.857,2020/05/13 23:28:10.857,"10013","10013","10013","28709",28709,A_ZIPS,C:/Users/brian/Documents/A_ZIPS.shp
row-mfgq-w28h_fvqd,rv-k8ds.svpx-rvmx,2020/05/13 23:28:10.857,2020/05/13 23:28:10.857,"10014","10014","10014","30738",30738,A_ZIPS,C:/Users/brian/Documents/A_ZIPS.shp
row-gvg2.5r6m-efd9,rv-wj6m-6fj9-tt3b,2020/05/13 23:28:10.857,2020/05/13 23:28:10.857,"10018","10018","10018","9687",9687,A_ZIPS,C:/Users/brian/Documents/A_ZIPS.shp
row-ggti_646s~j7re,rv-bq3e.9cdn_wr5f,2020/05/13 23:28:10.857,2020/05/13 23:28:10.857,"10030","10030","10030","29882",29882,A_ZIPS,C:/Users/brian/Documents/A_ZIPS.shp
row-yhmv-af9e-n2aw,rv-hdgb.hcfj~ycvs,2020/05/13 23:28:10.857,2020/05/13 23:28:10.857,"10019","10019, 10020","10019, 10020, 10103, 10111, 10112","43703",43703,A_ZIPS,C:/Users/brian/Documents/A_ZIPS.shp
row-guu6-essg-pddm,rv-u8rq~syph-hbbx,2020/05/13 23:28:10.857,2020/05/13 23:28:10.857,"10023","10023","10023","62435",62435,A_ZIPS,C:/Users/brian/Documents/A_ZIPS.shp
row-39yx~3czu~gmhc,rv-mvs6~gi5a.9dqp,2020/05/13 23:28:10.857,2020/05/13 23:28:10.857,"10024","10024","10024","59001",59001,A_ZIPS,C:/Users/brian/Documents/A_ZIPS.shp
row-qyxq~mz9s-96hb,rv-v8b4~pcvr~r9mk,2020/05/13 23:28:10.857,2020/05/13 23:28:10.857,"10025","10025","10025","92805",92805,A_ZIPS,C:/Users/brian/Documents/A_ZIPS.shp
row-fmsw-29ay~uaqt,rv-v9c8_i25y-bbem,2020/05/13 23:28:10.857,2020/05/13 23:28:10.857,"10027","10027","10027, 10115","64548",64548,A_ZIPS,C:/Users/brian/Documents/A_ZIPS.shp
row-qdbz-4fxn_2nsd,rv-kh75_6zy2~ectd,2020/05/13 23:28:10.857,2020/05/13 23:28:10.857,"10031","10031","10031","60254",60254,A_ZIPS,C:/Users/brian/Documents/A_ZIPS.shp
row-c4gt_fw5w_2w2n,rv-ej5e_vji9~mbah,2020/05/13 23:28:10.857,2020/05/13 23:28:10.857,"10032","10032","10032","64264",64264,A_ZIPS,C:/Users/brian/Documents/A_ZIPS.shp
row-dceb~su94-it8w,rv-2n3b-nzg4.msx7,2020/05/13 23:28:10.857,2020/05/13 23:28:10.857,"10033","10033","10033","59607",59607,A_ZIPS,C:/Users/brian/Documents/A_ZIPS.shp
row-8c9h.dw9s~y9ry,rv-w97v~b8j4-97ua,2020/05/13 23:28:10.857,2020/05/13 23:28:10.857,"10034","10034","10034","42910",42910,A_ZIPS,C:/Users/brian/Documents/A_ZIPS.shp
row-4p2f~c6xi.qtx4,rv-6zk6-295j.wnpf,2020/05/13 23:28:10.857,2020/05/13 23:28:10.857,"10036","10036","10036, 10110","27428",27428,A_ZIPS,C:/Users/brian/Documents/A_ZIPS.shp
row-t7nb.kbfs~sg78,rv-a232-hpvu.ktac,2020/05/13 23:28:10.857,2020/05/13 23:28:10.857,"10038","10038","10038","22800",22800,A_ZIPS,C:/Users/brian/Documents/A_ZIPS.shp
row-2bgz-d6pk_efg5,rv-9g5y-5ask_ad72,2020/05/13 23:28:10.857,2020/05/13 23:28:10.857,"10040","10040","10040","44571",44571,A_ZIPS,C:/Users/brian/Documents/A_ZIPS.shp
row-huf4~2hg5_z872,rv-v6tk~xk99.f44y,2020/05/13 23:28:10.857,2020/05/13 23:28:10.857,"11201","11201","11201","62823",62823,A_ZIPS,C:/Users/brian/Documents/A_ZIPS.shp
row-qj7r_7i8n-xvnr,rv-kxzd_tcen-ihh7,2020/05/13 23:28:10.857,2020/05/13 23:28:10.857,"11207","11207","11207","91972",91972,A_ZIPS,C:/Users/brian/Documents/A_ZIPS.shp
row-p6hu_25f9~8myt,rv-tjqq.76rh-eee6,2020/05/13 23:28:10.857,2020/05/13 23:28:10.857,"11208","11208","11208","98660",98660,A_ZIPS,C:/Users/brian/Documents/A_ZIPS.shp
row-ripv.9ii5_ypfe,rv-gnw7-2edj_gic3,2020/05/13 23:28:10.857,2020/05/13 23:28:10.857,"11213","11213","11213","66295",66295,A_ZIPS,C:/Users/brian/Documents/A_ZIPS.shp
row-fvc2.mfpp-miqz,rv-im38_tyh8.6uq6,2020/05/13 23:28:10.857,2020/05/13 23:28:10.857,"11216","11216","11216","56308",56308,A_ZIPS,C:/Users/brian/Documents/A_ZIPS.shp
row-tj8n~4r3q~ycxu,rv-krsh.j535-qa5s,2020/05/13 23:28:10.857,2020/05/13 23:28:10.857,"11217","11217, 11243","11217","41407",41407,A_ZIPS,C:/Users/brian/Documents/A_ZIPS.shp
row-dnsv_8szf~ryxq,rv-tjfx~kert~gd64,2020/05/13 23:28:10.857,2020/05/13 23:28:10.857,"11233","11233","11233","76819",76819,A_ZIPS,C:/Users/brian/Documents/A_ZIPS.shp
row-v3bg~arr9.jnvt,rv-gtup~r4eq-9vic,2020/05/13 23:28:10.857,2020/05/13 23:28:10.857,"11238","11238","11238","54540",54540,A_ZIPS,C:/Users/brian/Documents/A_ZIPS.shp
row-aehs~5ibf~xqaf,rv-v24k~bdfy_pytr,2020/05/13 23:28:10.857,2020/05/13 23:28:10.857,"11416","11416","11416","27125",27125,A_ZIPS,C:/Users/brian/Documents/A_ZIPS.shp
row-jhvu~6np9-uywp,rv-krhu-jfdf-nv5s,2020/05/13 23:28:10.857,2020/05/13 23:28:10.857,"11417","11417","11417","31927",31927,A_ZIPS,C:/Users/brian/Documents/A_ZIPS.shp
row-isjs~xbts_ydnd,rv-8ev2_vhi4-e6pu,2020/05/13 23:28:10.857,2020/05/13 23:28:10.857,"11414","11414","11414","29219",29219,A_ZIPS,C:/Users/brian/Documents/A_ZIPS.shp
row-2crx_5ufd_jyx4,rv-zp74_3sj7-x8ta,2020/05/13 23:28:10.857,2020/05/13 23:28:10.857,"11420","11420","11420","48489",48489,A_ZIPS,C:/Users/brian/Documents/A_ZIPS.shp
row-qta9-fdfx_wdhv,rv-fm8n~3jbv-jfe7,2020/05/13 23:28:10.857,2020/05/13 23:28:10.857,"11419","11419","11419","49618",49618,A_ZIPS,C:/Users/brian/Documents/A_ZIPS.shp
row-atwm.bg2i_4qnb,rv-ciyg_7w5p.avt7,2020/05/13 23:28:10.857,2020/05/13 23:28:10.857,"11691","11691","11691","67094",67094,A_ZIPS,C:/Users/brian/Documents/A_ZIPS.shp
row-nbhp~fsf5~2b2b,rv-dycq_x8ph~zca5,2020/05/13 23:28:10.857,2020/05/13 23:28:10.857,"11692","11692","11692","20991",20991,A_ZIPS,C:/Users/brian/Documents/A_ZIPS.shp
row-24a8~xet4-b4h6,rv-ahc4~9x7x_wq7g,2020/05/13 23:28:10.857,2020/05/13 23:28:10.857,"11693","11693","11693","12919",12919,A_ZIPS,C:/Users/brian/Documents/A_ZIPS.shp
row-7rkz-37cp.u9sy,rv-if3g_egzr_bmpv,2020/05/13 23:28:10.857,2020/05/13 23:28:10.857,"11434","11434","11430, 11434","65989",65989,A_ZIPS,C:/Users/brian/Documents/A_ZIPS.shp
row-2vtg~hbbt~wn6q,rv-vsvq~uz9j_jugt,2020/05/13 23:28:10.857,2020/05/13 23:28:10.857,"11694","11694","11694","21354",21354,A_ZIPS,C:/Users/brian/Documents/A_ZIPS.shp
row-eidq.uyer_5i6t,rv-gcmz~ma89-jux8,2020/05/13 23:28:10.857,2020/05/13 23:28:10.857,"99999",,"99999","0",0,A_ZIPS,C:/Users/brian/Documents/A_ZIPS.shp
row-gpt4_p42m_6vva,rv-ifsq~eg4w~ai57,2020/05/13 23:28:10.857,2020/05/13 23:28:10.857,"10001","10001, 10118","10001, 10119, 10199","23072",23072,B_ZIPS,C:/Users/brian/Documents/B_ZIPS.shp
row-bbrn_fnac~4g99,rv-hpz3~wiyn~m6gy,2020/05/13 23:28:10.857,2020/05/13 23:28:10.857,"10002","10002","10002","74993",74993,B_ZIPS,C:/Users/brian/Documents/B_ZIPS.shp
row-biyt~mhqy-petn,rv-gkuq_5peu.nhnh,2020/05/13 23:28:10.857,2020/05/13 23:28:10.857,"10003","10003","10003","54682",54682,B_ZIPS,C:/Users/brian/Documents/B_ZIPS.shp
row-ybyu_gysg-cn9b,rv-mn4n.y64c-dt8w,2020/05/13 23:28:10.857,2020/05/13 23:28:10.857,"10026","10026","10026","39363",39363,B_ZIPS,C:/Users/brian/Documents/B_ZIPS.shp
row-mhqc~whzi~h77n,rv-jh96~vsxh.rat9,2020/05/13 23:28:10.857,2020/05/13 23:28:10.857,"10010","10010","10010","33730",33730,B_ZIPS,C:/Users/brian/Documents/B_ZIPS.shp
row-2m2d_b8aj_3s7w,rv-gumn_zjt6~dupe,2020/05/13 23:28:10.857,2020/05/13 23:28:10.857,"10011","10011","10011","50472",50472,B_ZIPS,C:/Users/brian/Documents/B_ZIPS.shp
row-w7za.gzq2-5puc,rv-m75m~zjsg~bdyv,2020/05/13 23:28:10.857,2020/05/13 23:28:10.857,"10012","10012","10012","23411",23411,B_ZIPS,C:/Users/brian/Documents/B_ZIPS.shp
row-mfgq-w28h_fvqd,rv-k8ds.svpx-rvmx,2020/05/13 23:28:10.857,2020/05/13 23:28:10.857,"10014","10014","10014","30738",30738,B_ZIPS,C:/Users/brian/Documents/B_ZIPS.shp
row-gvg2.5r6m-efd9,rv-wj6m-6fj9-tt3b,2020/05/13 23:28:10.857,2020/05/13 23:28:10.857,"10018","10018","10018","9687",9687,B_ZIPS,C:/Users/brian/Documents/B_ZIPS.shp
row-ggti_646s~j7re,rv-bq3e.9cdn_wr5f,2020/05/13 23:28:10.857,2020/05/13 23:28:10.857,"10030","10030","10030","29882",29882,B_ZIPS,C:/Users/brian/Documents/B_ZIPS.shp
row-yhmv-af9e-n2aw,rv-hdgb.hcfj~ycvs,2020/05/13 23:28:10.857,2020/05/13 23:28:10.857,"10019","10019, 10020","10019, 10020, 10103, 10111, 10112","43703",43703,B_ZIPS,C:/Users/brian/Documents/B_ZIPS.shp
row-guu6-essg-pddm,rv-u8rq~syph-hbbx,2020/05/13 23:28:10.857,2020/05/13 23:28:10.857,"10023","10023","10023","62435",62435,B_ZIPS,C:/Users/brian/Documents/B_ZIPS.shp
row-39yx~3czu~gmhc,rv-mvs6~gi5a.9dqp,2020/05/13 23:28:10.857,2020/05/13 23:28:10.857,"10024","10024","10024","59001",59001,B_ZIPS,C:/Users/brian/Documents/B_ZIPS.shp
row-qyxq~mz9s-96hb,rv-v8b4~pcvr~r9mk,2020/05/13 23:28:10.857,2020/05/13 23:28:10.857,"10025","10025","10025","92805",92805,B_ZIPS,C:/Users/brian/Documents/B_ZIPS.shp
row-fmsw-29ay~uaqt,rv-v9c8_i25y-bbem,2020/05/13 23:28:10.857,2020/05/13 23:28:10.857,"10027","10027","10027, 10115","64548",64548,B_ZIPS,C:/Users/brian/Documents/B_ZIPS.shp
row-qdbz-4fxn_2nsd,rv-kh75_6zy2~ectd,2020/05/13 23:28:10.857,2020/05/13 23:28:10.857,"10031","10031","10031","60254",60254,B_ZIPS,C:/Users/brian/Documents/B_ZIPS.shp
row-c4gt_fw5w_2w2n,rv-ej5e_vji9~mbah,2020/05/13 23:28:10.857,2020/05/13 23:28:10.857,"10032","10032","10032","64264",64264,B_ZIPS,C:/Users/brian/Documents/B_ZIPS.shp
row-4p2f~c6xi.qtx4,rv-6zk6-295j.wnpf,2020/05/13 23:28:10.857,2020/05/13 23:28:10.857,"10036","10036","10036, 10110","27428",27428,B_ZIPS,C:/Users/brian/Documents/B_ZIPS.shp
row-t7nb.kbfs~sg78,rv-a232-hpvu.ktac,2020/05/13 23:28:10.857,2020/05/13 23:28:10.857,"10038","10038","10038","22800",22800,B_ZIPS,C:/Users/brian/Documents/B_ZIPS.shp
row-sagg.djrv-9kh5,rv-6kap.tbuw.kdk7,2020/05/13 23:28:10.857,2020/05/13 23:28:10.857,"10039","10039","10039","27726",27726,B_ZIPS,C:/Users/brian/Documents/B_ZIPS.shp
row-vedr_3bnf_knf3,rv-xg8z_e4r4_btcv,2020/05/13 23:28:10.857,2020/05/13 23:28:10.857,"10451","10451","10451","47798",47798,B_ZIPS,C:/Users/brian/Documents/B_ZIPS.shp
row-9ixk.2bat_uade,rv-c6mk~kpts_aygm,2020/05/13 23:28:10.857,2020/05/13 23:28:10.857,"10456","10456","10456","94218",94218,B_ZIPS,C:/Users/brian/Documents/B_ZIPS.shp
row-8evi~ztke-7e4a,rv-b4uc-iyja~cfxk,2020/05/13 23:28:10.857,2020/05/13 23:28:10.857,"10452","10452","10452","76078",76078,B_ZIPS,C:/Users/brian/Documents/B_ZIPS.shp
row-khzp.ynze~ijdf,rv-7ik3_wvyi.3tgs,2020/05/13 23:28:10.857,2020/05/13 23:28:10.857,"10453","10453","10453","79606",79606,B_ZIPS,C:/Users/brian/Documents/B_ZIPS.shp
row-pium~wvmt-nkey,rv-9d6c.f7kr-9ywd,2020/05/13 23:28:10.857,2020/05/13 23:28:10.857,"10457","10457","10457","74554",74554,B_ZIPS,C:/Users/brian/Documents/B_ZIPS.shp
row-du53-i7p5~jkss,rv-iq8g_mauc~rssu,2020/05/13 23:28:10.857,2020/05/13 23:28:10.857,"10458","10458","10458","83960",83960,B_ZIPS,C:/Users/brian/Documents/B_ZIPS.shp
row-y638-qprp~e6yq,rv-es63~3szk-3kw7,2020/05/13 23:28:10.857,2020/05/13 23:28:10.857,"10468","10468","10468","78647",78647,B_ZIPS,C:/Users/brian/Documents/B_ZIPS.shp
row-huf4~2hg5_z872,rv-v6tk~xk99.f44y,2020/05/13 23:28:10.857,2020/05/13 23:28:10.857,"11201","11201","11201","62823",62823,B_ZIPS,C:/Users/brian/Documents/B_ZIPS.shp
row-tj8n~4r3q~ycxu,rv-krsh.j535-qa5s,2020/05/13 23:28:10.857,2020/05/13 23:28:10.857,"11217","11217, 11243","11217","41407",41407,B_ZIPS,C:/Users/brian/Documents/B_ZIPS.shp
row-qhrf_vptb_2dah,rv-cm7k~k4p8~prjh,2020/05/13 23:28:10.857,2020/05/13 23:28:10.857,"11225","11225","11225","58882",58882,B_ZIPS,C:/Users/brian/Documents/B_ZIPS.shp
row-biiy-jh2h~67td,rv-epwm-z4wk.t9g8,2020/05/13 23:28:10.857,2020/05/13 23:28:10.857,"11226","11226","11226","100277",100277,B_ZIPS,C:/Users/brian/Documents/B_ZIPS.shp
row-iuji.vy95.zkyt,rv-in5a~zu73~4bhm,2020/05/13 23:28:10.857,2020/05/13 23:28:10.857,"11230","11230","11230","89075",89075,B_ZIPS,C:/Users/brian/Documents/B_ZIPS.shp
row-gb4e~r9tk.ca8s,rv-8wab~cekn~egex,2020/05/13 23:28:10.857,2020/05/13 23:28:10.857,"11229","11229","11229","83615",83615,B_ZIPS,C:/Users/brian/Documents/B_ZIPS.shp
row-7sr5_3z34-4atp,rv-nx32-xx3q.ncbg,2020/05/13 23:28:10.857,2020/05/13 23:28:10.857,"11235","11235","11235","78128",78128,B_ZIPS,C:/Users/brian/Documents/B_ZIPS.shp
row-v3bg~arr9.jnvt,rv-gtup~r4eq-9vic,2020/05/13 23:28:10.857,2020/05/13 23:28:10.857,"11238","11238","11238","54540",54540,B_ZIPS,C:/Users/brian/Documents/B_ZIPS.shp
row-eidq.uyer_5i6t,rv-gcmz~ma89-jux8,2020/05/13 23:28:10.857,2020/05/13 23:28:10.857,"99999",,"99999","0",0,B_ZIPS,C:/Users/brian/Documents/B_ZIPS.shp
row-gpt4_p42m_6vva,rv-ifsq~eg4w~ai57,2020/05/13 23:28:10.857,2020/05/13 23:28:10.857,"10001","10001, 10118","10001, 10119, 10199","23072",23072,C_ZIPS,C:/Users/brian/Documents/C_ZIPS.shp
row-ybyu_gysg-cn9b,rv-mn4n.y64c-dt8w,2020/05/13 23:28:10.857,2020/05/13 23:28:10.857,"10026","10026","10026","39363",39363,C_ZIPS,C:/Users/brian/Documents/C_ZIPS.shp
row-auib-z6mc_nkcq,rv-89qs-s7cd~ryjy,2020/05/13 23:28:10.857,2020/05/13 23:28:10.857,"10006","10006","10006","3454",3454,C_ZIPS,C:/Users/brian/Documents/C_ZIPS.shp
row-juqi~zbqg_y7er,rv-r2cv-me3e-csz8,2020/05/13 23:28:10.857,2020/05/13 23:28:10.857,"10007","10007","10007, 10278, 10279","7023",7023,C_ZIPS,C:/Users/brian/Documents/C_ZIPS.shp
row-2m2d_b8aj_3s7w,rv-gumn_zjt6~dupe,2020/05/13 23:28:10.857,2020/05/13 23:28:10.857,"10011","10011","10011","50472",50472,C_ZIPS,C:/Users/brian/Documents/C_ZIPS.shp
row-w7za.gzq2-5puc,rv-m75m~zjsg~bdyv,2020/05/13 23:28:10.857,2020/05/13 23:28:10.857,"10012","10012","10012","23411",23411,C_ZIPS,C:/Users/brian/Documents/C_ZIPS.shp
row-89t3.q4uf~yayv,rv-5b33~r9hf~6pdx,2020/05/13 23:28:10.857,2020/05/13 23:28:10.857,"10013","10013","10013","28709",28709,C_ZIPS,C:/Users/brian/Documents/C_ZIPS.shp
row-mfgq-w28h_fvqd,rv-k8ds.svpx-rvmx,2020/05/13 23:28:10.857,2020/05/13 23:28:10.857,"10014","10014","10014","30738",30738,C_ZIPS,C:/Users/brian/Documents/C_ZIPS.shp
row-gvg2.5r6m-efd9,rv-wj6m-6fj9-tt3b,2020/05/13 23:28:10.857,2020/05/13 23:28:10.857,"10018","10018","10018","9687",9687,C_ZIPS,C:/Users/brian/Documents/C_ZIPS.shp
row-ggti_646s~j7re,rv-bq3e.9cdn_wr5f,2020/05/13 23:28:10.857,2020/05/13 23:28:10.857,"10030","10030","10030","29882",29882,C_ZIPS,C:/Users/brian/Documents/C_ZIPS.shp
row-yhmv-af9e-n2aw,rv-hdgb.hcfj~ycvs,2020/05/13 23:28:10.857,2020/05/13 23:28:10.857,"10019","10019, 10020","10019, 10020, 10103, 10111, 10112","43703",43703,C_ZIPS,C:/Users/brian/Documents/C_ZIPS.shp
row-guu6-essg-pddm,rv-u8rq~syph-hbbx,2020/05/13 23:28:10.857,2020/05/13 23:28:10.857,"10023","10023","10023","62435",62435,C_ZIPS,C:/Users/brian/Documents/C_ZIPS.shp
row-39yx~3czu~gmhc,rv-mvs6~gi5a.9dqp,2020/05/13 23:28:10.857,2020/05/13 23:28:10.857,"10024","10024","10024","59001",59001,C_ZIPS,C:/Users/brian/Documents/C_ZIPS.shp
row-qyxq~mz9s-96hb,rv-v8b4~pcvr~r9mk,2020/05/13 23:28:10.857,2020/05/13 23:28:10.857,"10025","10025","10025","92805",92805,C_ZIPS,C:/Users/brian/Documents/C_ZIPS.shp
row-fmsw-29ay~uaqt,rv-v9c8_i25y-bbem,2020/05/13 23:28:10.857,2020/05/13 23:28:10.857,"10027","10027","10027, 10115","64548",64548,C_ZIPS,C:/Users/brian/Documents/C_ZIPS.shp
row-qdbz-4fxn_2nsd,rv-kh75_6zy2~ectd,2020/05/13 23:28:10.857,2020/05/13 23:28:10.857,"10031","10031","10031","60254",60254,C_ZIPS,C:/Users/brian/Documents/C_ZIPS.shp
row-c4gt_fw5w_2w2n,rv-ej5e_vji9~mbah,2020/05/13 23:28:10.857,2020/05/13 23:28:10.857,"10032","10032","10032","64264",64264,C_ZIPS,C:/Users/brian/Documents/C_ZIPS.shp
row-4p2f~c6xi.qtx4,rv-6zk6-295j.wnpf,2020/05/13 23:28:10.857,2020/05/13 23:28:10.857,"10036","10036","10036, 10110","27428",27428,C_ZIPS,C:/Users/brian/Documents/C_ZIPS.shp
row-t7nb.kbfs~sg78,rv-a232-hpvu.ktac,2020/05/13 23:28:10.857,2020/05/13 23:28:10.857,"10038","10038","10038","22800",22800,C_ZIPS,C:/Users/brian/Documents/C_ZIPS.shp
row-huf4~2hg5_z872,rv-v6tk~xk99.f44y,2020/05/13 23:28:10.857,2020/05/13 23:28:10.857,"11201","11201","11201","62823",62823,C_ZIPS,C:/Users/brian/Documents/C_ZIPS.shp
row-qj7r_7i8n-xvnr,rv-kxzd_tcen-ihh7,2020/05/13 23:28:10.857,2020/05/13 23:28:10.857,"11207","11207","11207","91972",91972,C_ZIPS,C:/Users/brian/Documents/C_ZIPS.shp
row-p6hu_25f9~8myt,rv-tjqq.76rh-eee6,2020/05/13 23:28:10.857,2020/05/13 23:28:10.857,"11208","11208","11208","98660",98660,C_ZIPS,C:/Users/brian/Documents/C_ZIPS.shp
row-ripv.9ii5_ypfe,rv-gnw7-2edj_gic3,2020/05/13 23:28:10.857,2020/05/13 23:28:10.857,"11213","11213","11213","66295",66295,C_ZIPS,C:/Users/brian/Documents/C_ZIPS.shp
row-fvc2.mfpp-miqz,rv-im38_tyh8.6uq6,2020/05/13 23:28:10.857,2020/05/13 23:28:10.857,"11216","11216","11216","56308",56308,C_ZIPS,C:/Users/brian/Documents/C_ZIPS.shp
row-tj8n~4r3q~ycxu,rv-krsh.j535-qa5s,2020/05/13 23:28:10.857,2020/05/13 23:28:10.857,"11217","11217, 11243","11217","41407",41407,C_ZIPS,C:/Users/brian/Documents/C_ZIPS.shp
row-dnsv_8szf~ryxq,rv-tjfx~kert~gd64,2020/05/13 23:28:10.857,2020/05/13 23:28:10.857,"11233","11233","11233","76819",76819,C_ZIPS,C:/Users/brian/Documents/C_ZIPS.shp
row-v3bg~arr9.jnvt,rv-gtup~r4eq-9vic,2020/05/13 23:28:10.857,2020/05/13 23:28:10.857,"11238","11238","11238","54540",54540,C_ZIPS,C:/Users/brian/Documents/C_ZIPS.shp
row-eidq.uyer_5i6t,rv-gcmz~ma89-jux8,2020/05/13 23:28:10.857,2020/05/13 23:28:10.857,"99999",,"99999","0",0,C_ZIPS,C:/Users/brian/Documents/C_ZIPS.shp
row-gpt4_p42m_6vva,rv-ifsq~eg4w~ai57,2020/05/13 23:28:10.857,2020/05/13 23:28:10.857,"10001","10001, 10118","10001, 10119, 10199","23072",23072,D_ZIPS,C:/Users/brian/Documents/D_ZIPS.shp
row-bbrn_fnac~4g99,rv-hpz3~wiyn~m6gy,2020/05/13 23:28:10.857,2020/05/13 23:28:10.857,"10002","10002","10002","74993",74993,D_ZIPS,C:/Users/brian/Documents/D_ZIPS.shp
row-biyt~mhqy-petn,rv-gkuq_5peu.nhnh,2020/05/13 23:28:10.857,2020/05/13 23:28:10.857,"10003","10003","10003","54682",54682,D_ZIPS,C:/Users/brian/Documents/D_ZIPS.shp
row-ybyu_gysg-cn9b,rv-mn4n.y64c-dt8w,2020/05/13 23:28:10.857,2020/05/13 23:28:10.857,"10026","10026","10026","39363",39363,D_ZIPS,C:/Users/brian/Documents/D_ZIPS.shp
row-mhqc~whzi~h77n,rv-jh96~vsxh.rat9,2020/05/13 23:28:10.857,2020/05/13 23:28:10.857,"10010","10010","10010","33730",33730,D_ZIPS,C:/Users/brian/Documents/D_ZIPS.shp
row-2m2d_b8aj_3s7w,rv-gumn_zjt6~dupe,2020/05/13 23:28:10.857,2020/05/13 23:28:10.857,"10011","10011","10011","50472",50472,D_ZIPS,C:/Users/brian/Documents/D_ZIPS.shp
row-w7za.gzq2-5puc,rv-m75m~zjsg~bdyv,2020/05/13 23:28:10.857,2020/05/13 23:28:10.857,"10012","10012","10012","23411",23411,D_ZIPS,C:/Users/brian/Documents/D_ZIPS.shp
row-mfgq-w28h_fvqd,rv-k8ds.svpx-rvmx,2020/05/13 23:28:10.857,2020/05/13 23:28:10.857,"10014","10014","10014","30738",30738,D_ZIPS,C:/Users/brian/Documents/D_ZIPS.shp
row-gvg2.5r6m-efd9,rv-wj6m-6fj9-tt3b,2020/05/13 23:28:10.857,2020/05/13 23:28:10.857,"10018","10018","10018","9687",9687,D_ZIPS,C:/Users/brian/Documents/D_ZIPS.shp
row-ggti_646s~j7re,rv-bq3e.9cdn_wr5f,2020/05/13 23:28:10.857,2020/05/13 23:28:10.857,"10030","10030","10030","29882",29882,D_ZIPS,C:/Users/brian/Documents/D_ZIPS.shp
row-yhmv-af9e-n2aw,rv-hdgb.hcfj~ycvs,2020/05/13 23:28:10.857,2020/05/13 23:28:10.857,"10019","10019, 10020","10019, 10020, 10103, 10111, 10112","43703",43703,D_ZIPS,C:/Users/brian/Documents/D_ZIPS.shp
row-guu6-essg-pddm,rv-u8rq~syph-hbbx,2020/05/13 23:28:10.857,2020/05/13 23:28:10.857,"10023","10023","10023","62435",62435,D_ZIPS,C:/Users/brian/Documents/D_ZIPS.shp
row-39yx~3czu~gmhc,rv-mvs6~gi5a.9dqp,2020/05/13 23:28:10.857,2020/05/13 23:28:10.857,"10024","10024","10024","59001",59001,D_ZIPS,C:/Users/brian/Documents/D_ZIPS.shp
row-qyxq~mz9s-96hb,rv-v8b4~pcvr~r9mk,2020/05/13 23:28:10.857,2020/05/13 23:28:10.857,"10025","10025","10025","92805",92805,D_ZIPS,C:/Users/brian/Documents/D_ZIPS.shp
row-fmsw-29ay~uaqt,rv-v9c8_i25y-bbem,2020/05/13 23:28:10.857,2020/05/13 23:28:10.857,"10027","10027","10027, 10115","64548",64548,D_ZIPS,C:/Users/brian/Documents/D_ZIPS.shp
row-qdbz-4fxn_2nsd,rv-kh75_6zy2~ectd,2020/05/13 23:28:10.857,2020/05/13 23:28:10.857,"10031","10031","10031","60254",60254,D_ZIPS,C:/Users/brian/Documents/D_ZIPS.shp
row-c4gt_fw5w_2w2n,rv-ej5e_vji9~mbah,2020/05/13 23:28:10.857,2020/05/13 23:28:10.857,"10032","10032","10032","64264",64264,D_ZIPS,C:/Users/brian/Documents/D_ZIPS.shp
row-4p2f~c6xi.qtx4,rv-6zk6-295j.wnpf,2020/05/13 23:28:10.857,2020/05/13 23:28:10.857,"10036","10036","10036, 10110","27428",27428,D_ZIPS,C:/Users/brian/Documents/D_ZIPS.shp
row-t7nb.kbfs~sg78,rv-a232-hpvu.ktac,2020/05/13 23:28:10.857,2020/05/13 23:28:10.857,"10038","10038","10038","22800",22800,D_ZIPS,C:/Users/brian/Documents/D_ZIPS.shp
row-sagg.djrv-9kh5,rv-6kap.tbuw.kdk7,2020/05/13 23:28:10.857,2020/05/13 23:28:10.857,"10039","10039","10039","27726",27726,D_ZIPS,C:/Users/brian/Documents/D_ZIPS.shp
row-vedr_3bnf_knf3,rv-xg8z_e4r4_btcv,2020/05/13 23:28:10.857,2020/05/13 23:28:10.857,"10451","10451","10451","47798",47798,D_ZIPS,C:/Users/brian/Documents/D_ZIPS.shp
row-9ixk.2bat_uade,rv-c6mk~kpts_aygm,2020/05/13 23:28:10.857,2020/05/13 23:28:10.857,"10456","10456","10456","94218",94218,D_ZIPS,C:/Users/brian/Documents/D_ZIPS.shp
row-8evi~ztke-7e4a,rv-b4uc-iyja~cfxk,2020/05/13 23:28:10.857,2020/05/13 23:28:10.857,"10452","10452","10452","76078",76078,D_ZIPS,C:/Users/brian/Documents/D_ZIPS.shp
row-khzp.ynze~ijdf,rv-7ik3_wvyi.3tgs,2020/05/13 23:28:10.857,2020/05/13 23:28:10.857,"10453","10453","10453","79606",79606,D_ZIPS,C:/Users/brian/Documents/D_ZIPS.shp
row-pium~wvmt-nkey,rv-9d6c.f7kr-9ywd,2020/05/13 23:28:10.857,2020/05/13 23:28:10.857,"10457","10457","10457","74554",74554,D_ZIPS,C:/Users/brian/Documents/D_ZIPS.shp
row-du53-i7p5~jkss,rv-iq8g_mauc~rssu,2020/05/13 23:28:10.857,2020/05/13 23:28:10.857,"10458","10458","10458","83960",83960,D_ZIPS,C:/Users/brian/Documents/D_ZIPS.shp
row-4gtv~jrwh_skg6,rv-22g6.gkhb-bz8a,2020/05/13 23:28:10.857,2020/05/13 23:28:10.857,"10467","10467","10467","103732",103732,D_ZIPS,C:/Users/brian/Documents/D_ZIPS.shp
row-y638-qprp~e6yq,rv-es63~3szk-3kw7,2020/05/13 23:28:10.857,2020/05/13 23:28:10.857,"10468","10468","10468","78647",78647,D_ZIPS,C:/Users/brian/Documents/D_ZIPS.shp
row-huf4~2hg5_z872,rv-v6tk~xk99.f44y,2020/05/13 23:28:10.857,2020/05/13 23:28:10.857,"11201","11201","11201","62823",62823,D_ZIPS,C:/Users/brian/Documents/D_ZIPS.shp
row-9ube-k8t6_bvhe,rv-2acz.jwec.xuuq,2020/05/13 23:28:10.857,2020/05/13 23:28:10.857,"11204","11204","11204","76978",76978,D_ZIPS,C:/Users/brian/Documents/D_ZIPS.shp
row-e4hj_pe6p.y3ny,rv-q9u3~968w-xyxw,2020/05/13 23:28:10.857,2020/05/13 23:28:10.857,"11214","11214","11214","92946",92946,D_ZIPS,C:/Users/brian/Documents/D_ZIPS.shp
row-f55n_5n52.94nq,rv-h56a.6j6r.eyba,2020/05/13 23:28:10.857,2020/05/13 23:28:10.857,"11215","11215","11215","70156",70156,D_ZIPS,C:/Users/brian/Documents/D_ZIPS.shp
row-tj8n~4r3q~ycxu,rv-krsh.j535-qa5s,2020/05/13 23:28:10.857,2020/05/13 23:28:10.857,"11217","11217, 11243","11217","41407",41407,D_ZIPS,C:/Users/brian/Documents/D_ZIPS.shp
row-emns-t3s9-w56m,rv-5paj.eaua~a94i,2020/05/13 23:28:10.857,2020/05/13 23:28:10.857,"11219","11219","11219","90036",90036,D_ZIPS,C:/Users/brian/Documents/D_ZIPS.shp
row-x7iz-6c6t.cvq8,rv-hu4h-bd6b_uw3d,2020/05/13 23:28:10.857,2020/05/13 23:28:10.857,"11223","11223","11223","81789",81789,D_ZIPS,C:/Users/brian/Documents/D_ZIPS.shp
row-66gr_vjdj.6phe,rv-xnc3.d28z_j4r7,2020/05/13 23:28:10.857,2020/05/13 23:28:10.857,"11224","11224","11224","46707",46707,D_ZIPS,C:/Users/brian/Documents/D_ZIPS.shp
row-sgy6.tpj8.f6fz,rv-9uqy.2gfj-v4ds,2020/05/13 23:28:10.857,2020/05/13 23:28:10.857,"11228","11228","11228","44994",44994,D_ZIPS,C:/Users/brian/Documents/D_ZIPS.shp
row-gvrz~acue.kj5p,rv-5ei4-i8tv~rg2s,2020/05/13 23:28:10.857,2020/05/13 23:28:10.857,"11232","11232","11232","27602",27602,D_ZIPS,C:/Users/brian/Documents/D_ZIPS.shp
row-eidq.uyer_5i6t,rv-gcmz~ma89-jux8,2020/05/13 23:28:10.857,2020/05/13 23:28:10.857,"99999",,"99999","0",0,D_ZIPS,C:/Users/brian/Documents/D_ZIPS.shp
row-gpt4_p42m_6vva,rv-ifsq~eg4w~ai57,2020/05/13 23:28:10.857,2020/05/13 23:28:10.857,"10001","10001, 10118","10001, 10119, 10199","23072",23072,E_ZIPS,C:/Users/brian/Documents/E_ZIPS.shp
row-juqi~zbqg_y7er,rv-r2cv-me3e-csz8,2020/05/13 23:28:10.857,2020/05/13 23:28:10.857,"10007","10007","10007, 10278, 10279","7023",7023,E_ZIPS,C:/Users/brian/Documents/E_ZIPS.shp
row-2m2d_b8aj_3s7w,rv-gumn_zjt6~dupe,2020/05/13 23:28:10.857,2020/05/13 23:28:10.857,"10011","10011","10011","50472",50472,E_ZIPS,C:/Users/brian/Documents/E_ZIPS.shp
row-w7za.gzq2-5puc,rv-m75m~zjsg~bdyv,2020/05/13 23:28:10.857,2020/05/13 23:28:10.857,"10012","10012","10012","23411",23411,E_ZIPS,C:/Users/brian/Documents/E_ZIPS.shp
row-89t3.q4uf~yayv,rv-5b33~r9hf~6pdx,2020/05/13 23:28:10.857,2020/05/13 23:28:10.857,"10013","10013","10013","28709",28709,E_ZIPS,C:/Users/brian/Documents/E_ZIPS.shp
row-mfgq-w28h_fvqd,rv-k8ds.svpx-rvmx,2020/05/13 23:28:10.857,2020/05/13 23:28:10.857,"10014","10014","10014","30738",30738,E_ZIPS,C:/Users/brian/Documents/E_ZIPS.shp
row-gvg2.5r6m-efd9,rv-wj6m-6fj9-tt3b,2020/05/13 23:28:10.857,2020/05/13 23:28:10.857,"10018","10018","10018","9687",9687,E_ZIPS,C:/Users/brian/Documents/E_ZIPS.shp
row-yhmv-af9e-n2aw,rv-hdgb.hcfj~ycvs,2020/05/13 23:28:10.857,2020/05/13 23:28:10.857,"10019","10019, 10020","10019, 10020, 10103, 10111, 10112","43703",43703,E_ZIPS,C:/Users/brian/Documents/E_ZIPS.shp
row-sbr6.bsnj-yb8p,rv-wwmi.6s8g~a8ce,2020/05/13 23:28:10.857,2020/05/13 23:28:10.857,"10022","10022","10022, 10152, 10153, 10154","31125",31125,E_ZIPS,C:/Users/brian/Documents/E_ZIPS.shp
row-4p2f~c6xi.qtx4,rv-6zk6-295j.wnpf,2020/05/13 23:28:10.857,2020/05/13 23:28:10.857,"10036","10036","10036, 10110","27428",27428,E_ZIPS,C:/Users/brian/Documents/E_ZIPS.shp
row-6ig7-js8b.mzjh,rv-u5tw_yhjg-kcbf,2020/05/13 23:28:10.857,2020/05/13 23:28:10.857,"10044","10044","10044","11682",11682,E_ZIPS,C:/Users/brian/Documents/E_ZIPS.shp
row-d7it.nfci-u5j6,rv-wkxy-mxuj.kwpa,2020/05/13 23:28:10.857,2020/05/13 23:28:10.857,"11101","11101","11101","30043",30043,E_ZIPS,C:/Users/brian/Documents/E_ZIPS.shp
row-xt6n-r7rh~7v7s,rv-nszh-9yqq.2uuk,2020/05/13 23:28:10.857,2020/05/13 23:28:10.857,"11415","11415","11415, 11424","19372",19372,E_ZIPS,C:/Users/brian/Documents/E_ZIPS.shp
row-4ntr_y5s9.3qye,rv-2uy7~c6yc~uapu,2020/05/13 23:28:10.857,2020/05/13 23:28:10.857,"11372","11372","11372","61844",61844,E_ZIPS,C:/Users/brian/Documents/E_ZIPS.shp
row-u27c-u9jn-6mqz,rv-tpkj-rib9-qvzj,2020/05/13 23:28:10.857,2020/05/13 23:28:10.857,"11373","11373","11373","93967",93967,E_ZIPS,C:/Users/brian/Documents/E_ZIPS.shp
row-yzqf.wptu.tu25,rv-tepa-ef44-6uc6,2020/05/13 23:28:10.857,2020/05/13 23:28:10.857,"11374","11374","11374","42653",42653,E_ZIPS,C:/Users/brian/Documents/E_ZIPS.shp
row-mqrb_h3mp.7f55,rv-rwm6-xvfj~hsgb,2020/05/13 23:28:10.857,2020/05/13 23:28:10.857,"11375","11375","11375","73488",73488,E_ZIPS,C:/Users/brian/Documents/E_ZIPS.shp
row-d9yn.9pta-7zmh,rv-8bgd~yu4g.v7gg,2020/05/13 23:28:10.857,2020/05/13 23:28:10.857,"11377","11377","11377","86421",86421,E_ZIPS,C:/Users/brian/Documents/E_ZIPS.shp
row-7jed.29kh~qkpu,rv-yakq-pdm2~cpc5,2020/05/13 23:28:10.857,2020/05/13 23:28:10.857,"11418","11418","11418","38517",38517,E_ZIPS,C:/Users/brian/Documents/E_ZIPS.shp
row-7sa6~6kh7.nzpj,rv-tdwy.n7ks.9fbd,2020/05/13 23:28:10.857,2020/05/13 23:28:10.857,"11432","11432","11432","62053",62053,E_ZIPS,C:/Users/brian/Documents/E_ZIPS.shp
row-5ra6~xecx.zuw6,rv-eiva~yq42-ncaf,2020/05/13 23:28:10.857,2020/05/13 23:28:10.857,"11433","11433","11433, 11451","36489",36489,E_ZIPS,C:/Users/brian/Documents/E_ZIPS.shp
row-ujux_usjr.jik6,rv-uiue.ummg~zftg,2020/05/13 23:28:10.857,2020/05/13 23:28:10.857,"11435","11435","11435","59296",59296,E_ZIPS,C:/Users/brian/Documents/E_ZIPS.shp
row-gpt4_p42m_6vva,rv-ifsq~eg4w~ai57,2020/05/13 23:28:10.857,2020/05/13 23:28:10.857,"10001","10001, 10118","10001, 10119, 10199","23072",23072,F_ZIPS,C:/Users/brian/Documents/F_ZIPS.shp
row-bbrn_fnac~4g99,rv-hpz3~wiyn~m6gy,2020/05/13 23:28:10.857,2020/05/13 23:28:10.857,"10002","10002","10002","74993",74993,F_ZIPS,C:/Users/brian/Documents/F_ZIPS.shp
row-biyt~mhqy-petn,rv-gkuq_5peu.nhnh,2020/05/13 23:28:10.857,2020/05/13 23:28:10.857,"10003","10003","10003","54682",54682,F_ZIPS,C:/Users/brian/Documents/F_ZIPS.shp
row-jjpq.mr96.xr3z,rv-yqw6~ruia~rsan,2020/05/13 23:28:10.857,2020/05/13 23:28:10.857,"10009","10009","10009","57925",57925,F_ZIPS,C:/Users/brian/Documents/F_ZIPS.shp
row-mhqc~whzi~h77n,rv-jh96~vsxh.rat9,2020/05/13 23:28:10.857,2020/05/13 23:28:10.857,"10010","10010","10010","33730",33730,F_ZIPS,C:/Users/brian/Documents/F_ZIPS.shp
row-2m2d_b8aj_3s7w,rv-gumn_zjt6~dupe,2020/05/13 23:28:10.857,2020/05/13 23:28:10.857,"10011","10011","10011","50472",50472,F_ZIPS,C:/Users/brian/Documents/F_ZIPS.shp
row-w7za.gzq2-5puc,rv-m75m~zjsg~bdyv,2020/05/13 23:28:10.857,2020/05/13 23:28:10.857,"10012","10012","10012","23411",23411,F_ZIPS,C:/Users/brian/Documents/F_ZIPS.shp
row-mfgq-w28h_fvqd,rv-k8ds.svpx-rvmx,2020/05/13 23:28:10.857,2020/05/13 23:28:10.857,"10014","10014","10014","30738",30738,F_ZIPS,C:/Users/brian/Documents/F_ZIPS.shp
row-gvg2.5r6m-efd9,rv-wj6m-6fj9-tt3b,2020/05/13 23:28:10.857,2020/05/13 23:28:10.857,"10018","10018","10018","9687",9687,F_ZIPS,C:/Users/brian/Documents/F_ZIPS.shp
row-yhmv-af9e-n2aw,rv-hdgb.hcfj~ycvs,2020/05/13 23:28:10.857,2020/05/13 23:28:10.857,"10019","10019, 10020","10019, 10020, 10103, 10111, 10112","43703",43703,F_ZIPS,C:/Users/brian/Documents/F_ZIPS.shp
row-6q32.wew5_hffh,rv-cwck.2ec5.srqi,2020/05/13 23:28:10.857,2020/05/13 23:28:10.857,"10021","10021","10021","46215",46215,F_ZIPS,C:/Users/brian/Documents/F_ZIPS.shp
row-4p2f~c6xi.qtx4,rv-6zk6-295j.wnpf,2020/05/13 23:28:10.857,2020/05/13 23:28:10.857,"10036","10036","10036, 10110","27428",27428,F_ZIPS,C:/Users/brian/Documents/F_ZIPS.shp
row-6ig7-js8b.mzjh,rv-u5tw_yhjg-kcbf,2020/05/13 23:28:10.857,2020/05/13 23:28:10.857,"10044","10044","10044","11682",11682,F_ZIPS,C:/Users/brian/Documents/F_ZIPS.shp
row-hip5~vb8h~acqj,rv-2evq-h8ky_cwup,2020/05/13 23:28:10.857,2020/05/13 23:28:10.857,"10065","10065","10065","28109",28109,F_ZIPS,C:/Users/brian/Documents/F_ZIPS.shp
row-d7it.nfci-u5j6,rv-wkxy-mxuj.kwpa,2020/05/13 23:28:10.857,2020/05/13 23:28:10.857,"11101","11101","11101","30043",30043,F_ZIPS,C:/Users/brian/Documents/F_ZIPS.shp
row-huf4~2hg5_z872,rv-v6tk~xk99.f44y,2020/05/13 23:28:10.857,2020/05/13 23:28:10.857,"11201","11201","11201","62823",62823,F_ZIPS,C:/Users/brian/Documents/F_ZIPS.shp
row-9ube-k8t6_bvhe,rv-2acz.jwec.xuuq,2020/05/13 23:28:10.857,2020/05/13 23:28:10.857,"11204","11204","11204","76978",76978,F_ZIPS,C:/Users/brian/Documents/F_ZIPS.shp
row-awuh~4z2b_27uk,rv-68dj~qu3r-ijck,2020/05/13 23:28:10.857,2020/05/13 23:28:10.857,"11218","11218","11218","74508",74508,F_ZIPS,C:/Users/brian/Documents/F_ZIPS.shp
row-f55n_5n52.94nq,rv-h56a.6j6r.eyba,2020/05/13 23:28:10.857,2020/05/13 23:28:10.857,"11215","11215","11215","70156",70156,F_ZIPS,C:/Users/brian/Documents/F_ZIPS.shp
row-x7iz-6c6t.cvq8,rv-hu4h-bd6b_uw3d,2020/05/13 23:28:10.857,2020/05/13 23:28:10.857,"11223","11223","11223","81789",81789,F_ZIPS,C:/Users/brian/Documents/F_ZIPS.shp
row-66gr_vjdj.6phe,rv-xnc3.d28z_j4r7,2020/05/13 23:28:10.857,2020/05/13 23:28:10.857,"11224","11224","11224","46707",46707,F_ZIPS,C:/Users/brian/Documents/F_ZIPS.shp
row-iuji.vy95.zkyt,rv-in5a~zu73~4bhm,2020/05/13 23:28:10.857,2020/05/13 23:28:10.857,"11230","11230","11230","89075",89075,F_ZIPS,C:/Users/brian/Documents/F_ZIPS.shp
row-xt6n-r7rh~7v7s,rv-nszh-9yqq.2uuk,2020/05/13 23:28:10.857,2020/05/13 23:28:10.857,"11415","11415","11415, 11424","19372",19372,F_ZIPS,C:/Users/brian/Documents/F_ZIPS.shp
row-e53z.9tp2-xn2g,rv-y4ie_usmx_xgxq,2020/05/13 23:28:10.857,2020/05/13 23:28:10.857,"11231","11231","11231","37845",37845,F_ZIPS,C:/Users/brian/Documents/F_ZIPS.shp
row-4ntr_y5s9.3qye,rv-2uy7~c6yc~uapu,2020/05/13 23:28:10.857,2020/05/13 23:28:10.857,"11372","11372","11372","61844",61844,F_ZIPS,C:/Users/brian/Documents/F_ZIPS.shp
row-u27c-u9jn-6mqz,rv-tpkj-rib9-qvzj,2020/05/13 23:28:10.857,2020/05/13 23:28:10.857,"11373","11373","11373","93967",93967,F_ZIPS,C:/Users/brian/Documents/F_ZIPS.shp
row-yzqf.wptu.tu25,rv-tepa-ef44-6uc6,2020/05/13 23:28:10.857,2020/05/13 23:28:10.857,"11374","11374","11374","42653",42653,F_ZIPS,C:/Users/brian/Documents/F_ZIPS.shp
row-mqrb_h3mp.7f55,rv-rwm6-xvfj~hsgb,2020/05/13 23:28:10.857,2020/05/13 23:28:10.857,"11375","11375","11375","73488",73488,F_ZIPS,C:/Users/brian/Documents/F_ZIPS.shp
row-d9yn.9pta-7zmh,rv-8bgd~yu4g.v7gg,2020/05/13 23:28:10.857,2020/05/13 23:28:10.857,"11377","11377","11377","86421",86421,F_ZIPS,C:/Users/brian/Documents/F_ZIPS.shp
row-7jed.29kh~qkpu,rv-yakq-pdm2~cpc5,2020/05/13 23:28:10.857,2020/05/13 23:28:10.857,"11418","11418","11418","38517",38517,F_ZIPS,C:/Users/brian/Documents/F_ZIPS.shp
row-7sa6~6kh7.nzpj,rv-tdwy.n7ks.9fbd,2020/05/13 23:28:10.857,2020/05/13 23:28:10.857,"11432","11432","11432","62053",62053,F_ZIPS,C:/Users/brian/Documents/F_ZIPS.shp
row-ujux_usjr.jik6,rv-uiue.ummg~zftg,2020/05/13 23:28:10.857,2020/05/13 23:28:10.857,"11435","11435","11435","59296",59296,F_ZIPS,C:/Users/brian/Documents/F_ZIPS.shp
row-eidq.uyer_5i6t,rv-gcmz~ma89-jux8,2020/05/13 23:28:10.857,2020/05/13 23:28:10.857,"99999",,"99999","0",0,F_ZIPS,C:/Users/brian/Documents/F_ZIPS.shp
row-qhrf_vptb_2dah,rv-cm7k~k4p8~prjh,2020/05/13 23:28:10.857,2020/05/13 23:28:10.857,"11225","11225","11225","58882",58882,FS_ZIPS,C:/Users/brian/Documents/FS_ZIPS.shp
row-v3bg~arr9.jnvt,rv-gtup~r4eq-9vic,2020/05/13 23:28:10.857,2020/05/13 23:28:10.857,"11238","11238","11238","54540",54540,FS_ZIPS,C:/Users/brian/Documents/FS_ZIPS.shp
row-d7it.nfci-u5j6,rv-wkxy-mxuj.kwpa,2020/05/13 23:28:10.857,2020/05/13 23:28:10.857,"11101","11101","11101","30043",30043,G_ZIPS,C:/Users/brian/Documents/G_ZIPS.shp
row-huf4~2hg5_z872,rv-v6tk~xk99.f44y,2020/05/13 23:28:10.857,2020/05/13 23:28:10.857,"11201","11201","11201","62823",62823,G_ZIPS,C:/Users/brian/Documents/G_ZIPS.shp
row-tq4a_2vir_kzfz,rv-b92e.97mw-u75e,2020/05/13 23:28:10.857,2020/05/13 23:28:10.857,"11205","11205","11205","46064",46064,G_ZIPS,C:/Users/brian/Documents/G_ZIPS.shp
row-4ewt~9r74-vk99,rv-4nsg-rfse-s6t4,2020/05/13 23:28:10.857,2020/05/13 23:28:10.857,"11206","11206","11206","88349",88349,G_ZIPS,C:/Users/brian/Documents/G_ZIPS.shp
row-4dsg_smqi-75gu,rv-2vxw~x4wg~v2da,2020/05/13 23:28:10.857,2020/05/13 23:28:10.857,"11211","11211, 11249","11211","102624",102624,G_ZIPS,C:/Users/brian/Documents/G_ZIPS.shp
row-awuh~4z2b_27uk,rv-68dj~qu3r-ijck,2020/05/13 23:28:10.857,2020/05/13 23:28:10.857,"11218","11218","11218","74508",74508,G_ZIPS,C:/Users/brian/Documents/G_ZIPS.shp
row-f55n_5n52.94nq,rv-h56a.6j6r.eyba,2020/05/13 23:28:10.857,2020/05/13 23:28:10.857,"11215","11215","11215","70156",70156,G_ZIPS,C:/Users/brian/Documents/G_ZIPS.shp
row-fvc2.mfpp-miqz,rv-im38_tyh8.6uq6,2020/05/13 23:28:10.857,2020/05/13 23:28:10.857,"11216","11216","11216","56308",56308,G_ZIPS,C:/Users/brian/Documents/G_ZIPS.shp
row-tj8n~4r3q~ycxu,rv-krsh.j535-qa5s,2020/05/13 23:28:10.857,2020/05/13 23:28:10.857,"11217","11217, 11243","11217","41407",41407,G_ZIPS,C:/Users/brian/Documents/G_ZIPS.shp
row-wb2k~qyd9~sfxh,rv-p3ug-kk6z.d93k,2020/05/13 23:28:10.857,2020/05/13 23:28:10.857,"11222","11222","11222","36492",36492,G_ZIPS,C:/Users/brian/Documents/G_ZIPS.shp
row-e53z.9tp2-xn2g,rv-y4ie_usmx_xgxq,2020/05/13 23:28:10.857,2020/05/13 23:28:10.857,"11231","11231","11231","37845",37845,G_ZIPS,C:/Users/brian/Documents/G_ZIPS.shp
row-v3bg~arr9.jnvt,rv-gtup~r4eq-9vic,2020/05/13 23:28:10.857,2020/05/13 23:28:10.857,"11238","11238","11238","54540",54540,G_ZIPS,C:/Users/brian/Documents/G_ZIPS.shp
row-eidq.uyer_5i6t,rv-gcmz~ma89-jux8,2020/05/13 23:28:10.857,2020/05/13 23:28:10.857,"99999",,"99999","0",0,G_ZIPS,C:/Users/brian/Documents/G_ZIPS.shp
row-de84.ag57_bh2k,rv-2a45.v7v2~wvdc,2020/05/13 23:28:10.857,2020/05/13 23:28:10.857,"10017","10017","10017, 10165, 10167, 10168, 10169, 10170, 10171, 10172, 10173, 10174, 10177","15801",15801,GS_ZIPS,C:/Users/brian/Documents/GS_ZIPS.shp
row-4p2f~c6xi.qtx4,rv-6zk6-295j.wnpf,2020/05/13 23:28:10.857,2020/05/13 23:28:10.857,"10036","10036","10036, 10110","27428",27428,GS_ZIPS,C:/Users/brian/Documents/GS_ZIPS.shp
row-24a8~xet4-b4h6,rv-ahc4~9x7x_wq7g,2020/05/13 23:28:10.857,2020/05/13 23:28:10.857,"11693","11693","11693","12919",12919,H_ZIPS,C:/Users/brian/Documents/H_ZIPS.shp
row-2vtg~hbbt~wn6q,rv-vsvq~uz9j_jugt,2020/05/13 23:28:10.857,2020/05/13 23:28:10.857,"11694","11694","11694","21354",21354,H_ZIPS,C:/Users/brian/Documents/H_ZIPS.shp
row-bbrn_fnac~4g99,rv-hpz3~wiyn~m6gy,2020/05/13 23:28:10.857,2020/05/13 23:28:10.857,"10002","10002","10002","74993",74993,J_ZIPS,C:/Users/brian/Documents/J_ZIPS.shp
row-5tvi_hb3c-6qz6,rv-m2qf-b3bm.h8vn,2020/05/13 23:28:10.857,2020/05/13 23:28:10.857,"10004","10004","10004","3028",3028,J_ZIPS,C:/Users/brian/Documents/J_ZIPS.shp
row-sxx7~hmhh.whut,rv-bgir_pbdf_7fim,2020/05/13 23:28:10.857,2020/05/13 23:28:10.857,"10005","10005","10005, 10271","8831",8831,J_ZIPS,C:/Users/brian/Documents/J_ZIPS.shp
row-juqi~zbqg_y7er,rv-r2cv-me3e-csz8,2020/05/13 23:28:10.857,2020/05/13 23:28:10.857,"10007","10007","10007, 10278, 10279","7023",7023,J_ZIPS,C:/Users/brian/Documents/J_ZIPS.shp
row-w7za.gzq2-5puc,rv-m75m~zjsg~bdyv,2020/05/13 23:28:10.857,2020/05/13 23:28:10.857,"10012","10012","10012","23411",23411,J_ZIPS,C:/Users/brian/Documents/J_ZIPS.shp
row-89t3.q4uf~yayv,rv-5b33~r9hf~6pdx,2020/05/13 23:28:10.857,2020/05/13 23:28:10.857,"10013","10013","10013","28709",28709,J_ZIPS,C:/Users/brian/Documents/J_ZIPS.shp
row-t7nb.kbfs~sg78,rv-a232-hpvu.ktac,2020/05/13 23:28:10.857,2020/05/13 23:28:10.857,"10038","10038","10038","22800",22800,J_ZIPS,C:/Users/brian/Documents/J_ZIPS.shp
row-4ewt~9r74-vk99,rv-4nsg-rfse-s6t4,2020/05/13 23:28:10.857,2020/05/13 23:28:10.857,"11206","11206","11206","88349",88349,J_ZIPS,C:/Users/brian/Documents/J_ZIPS.shp
row-qj7r_7i8n-xvnr,rv-kxzd_tcen-ihh7,2020/05/13 23:28:10.857,2020/05/13 23:28:10.857,"11207","11207","11207","91972",91972,J_ZIPS,C:/Users/brian/Documents/J_ZIPS.shp
row-p6hu_25f9~8myt,rv-tjqq.76rh-eee6,2020/05/13 23:28:10.857,2020/05/13 23:28:10.857,"11208","11208","11208","98660",98660,J_ZIPS,C:/Users/brian/Documents/J_ZIPS.shp
row-4dsg_smqi-75gu,rv-2vxw~x4wg~v2da,2020/05/13 23:28:10.857,2020/05/13 23:28:10.857,"11211","11211, 11249","11211","102624",102624,J_ZIPS,C:/Users/brian/Documents/J_ZIPS.shp
row-j8aq.5p3g~5p5n,rv-upgh~u693.iy5d,2020/05/13 23:28:10.857,2020/05/13 23:28:10.857,"11221","11221","11221","83835",83835,J_ZIPS,C:/Users/brian/Documents/J_ZIPS.shp
row-dnsv_8szf~ryxq,rv-tjfx~kert~gd64,2020/05/13 23:28:10.857,2020/05/13 23:28:10.857,"11233","11233","11233","76819",76819,J_ZIPS,C:/Users/brian/Documents/J_ZIPS.shp
row-fhfr.bep8-cxm3,rv-ycn9.4zrb~g5an,2020/05/13 23:28:10.857,2020/05/13 23:28:10.857,"11421","11421","11421","41002",41002,J_ZIPS,C:/Users/brian/Documents/J_ZIPS.shp
row-7jed.29kh~qkpu,rv-yakq-pdm2~cpc5,2020/05/13 23:28:10.857,2020/05/13 23:28:10.857,"11418","11418","11418","38517",38517,J_ZIPS,C:/Users/brian/Documents/J_ZIPS.shp
row-7sa6~6kh7.nzpj,rv-tdwy.n7ks.9fbd,2020/05/13 23:28:10.857,2020/05/13 23:28:10.857,"11432","11432","11432","62053",62053,J_ZIPS,C:/Users/brian/Documents/J_ZIPS.shp
row-5ra6~xecx.zuw6,rv-eiva~yq42-ncaf,2020/05/13 23:28:10.857,2020/05/13 23:28:10.857,"11433","11433","11433, 11451","36489",36489,J_ZIPS,C:/Users/brian/Documents/J_ZIPS.shp
row-ujux_usjr.jik6,rv-uiue.ummg~zftg,2020/05/13 23:28:10.857,2020/05/13 23:28:10.857,"11435","11435","11435","59296",59296,J_ZIPS,C:/Users/brian/Documents/J_ZIPS.shp
row-biyt~mhqy-petn,rv-gkuq_5peu.nhnh,2020/05/13 23:28:10.857,2020/05/13 23:28:10.857,"10003","10003","10003","54682",54682,L_ZIPS,C:/Users/brian/Documents/L_ZIPS.shp
row-jjpq.mr96.xr3z,rv-yqw6~ruia~rsan,2020/05/13 23:28:10.857,2020/05/13 23:28:10.857,"10009","10009","10009","57925",57925,L_ZIPS,C:/Users/brian/Documents/L_ZIPS.shp
row-2m2d_b8aj_3s7w,rv-gumn_zjt6~dupe,2020/05/13 23:28:10.857,2020/05/13 23:28:10.857,"10011","10011","10011","50472",50472,L_ZIPS,C:/Users/brian/Documents/L_ZIPS.shp
row-4ewt~9r74-vk99,rv-4nsg-rfse-s6t4,2020/05/13 23:28:10.857,2020/05/13 23:28:10.857,"11206","11206","11206","88349",88349,L_ZIPS,C:/Users/brian/Documents/L_ZIPS.shp
row-qj7r_7i8n-xvnr,rv-kxzd_tcen-ihh7,2020/05/13 23:28:10.857,2020/05/13 23:28:10.857,"11207","11207","11207","91972",91972,L_ZIPS,C:/Users/brian/Documents/L_ZIPS.shp
row-4dsg_smqi-75gu,rv-2vxw~x4wg~v2da,2020/05/13 23:28:10.857,2020/05/13 23:28:10.857,"11211","11211, 11249","11211","102624",102624,L_ZIPS,C:/Users/brian/Documents/L_ZIPS.shp
row-wzcb_fmrp_pcm9,rv-wbz8.ayxz~nkdx,2020/05/13 23:28:10.857,2020/05/13 23:28:10.857,"11212","11212","11212","76527",76527,L_ZIPS,C:/Users/brian/Documents/L_ZIPS.shp
row-dnsv_8szf~ryxq,rv-tjfx~kert~gd64,2020/05/13 23:28:10.857,2020/05/13 23:28:10.857,"11233","11233","11233","76819",76819,L_ZIPS,C:/Users/brian/Documents/L_ZIPS.shp
row-r5xi.x8fn~kggx,rv-ee4b.hutk_zf3j,2020/05/13 23:28:10.857,2020/05/13 23:28:10.857,"11236","11236","11236","100331",100331,L_ZIPS,C:/Users/brian/Documents/L_ZIPS.shp
row-dej3.xnuz_jnrk,rv-5enb.ctcw_a6ua,2020/05/13 23:28:10.857,2020/05/13 23:28:10.857,"11237","11237","11237","49310",49310,L_ZIPS,C:/Users/brian/Documents/L_ZIPS.shp
row-wck7-6wkh_nymq,rv-ahvr~nu8q~833v,2020/05/13 23:28:10.857,2020/05/13 23:28:10.857,"11385","11385","11385","106717",106717,L_ZIPS,C:/Users/brian/Documents/L_ZIPS.shp
row-gpt4_p42m_6vva,rv-ifsq~eg4w~ai57,2020/05/13 23:28:10.857,2020/05/13 23:28:10.857,"10001","10001, 10118","10001, 10119, 10199","23072",23072,M,C:/Users/brian/Documents/M.shp
row-bbrn_fnac~4g99,rv-hpz3~wiyn~m6gy,2020/05/13 23:28:10.857,2020/05/13 23:28:10.857,"10002","10002","10002","74993",74993,M,C:/Users/brian/Documents/M.shp
row-biyt~mhqy-petn,rv-gkuq_5peu.nhnh,2020/05/13 23:28:10.857,2020/05/13 23:28:10.857,"10003","10003","10003","54682",54682,M,C:/Users/brian/Documents/M.shp
row-mhqc~whzi~h77n,rv-jh96~vsxh.rat9,2020/05/13 23:28:10.857,2020/05/13 23:28:10.857,"10010","10010","10010","33730",33730,M,C:/Users/brian/Documents/M.shp
row-2m2d_b8aj_3s7w,rv-gumn_zjt6~dupe,2020/05/13 23:28:10.857,2020/05/13 23:28:10.857,"10011","10011","10011","50472",50472,M,C:/Users/brian/Documents/M.shp
row-w7za.gzq2-5puc,rv-m75m~zjsg~bdyv,2020/05/13 23:28:10.857,2020/05/13 23:28:10.857,"10012","10012","10012","23411",23411,M,C:/Users/brian/Documents/M.shp
row-mfgq-w28h_fvqd,rv-k8ds.svpx-rvmx,2020/05/13 23:28:10.857,2020/05/13 23:28:10.857,"10014","10014","10014","30738",30738,M,C:/Users/brian/Documents/M.shp
row-gvg2.5r6m-efd9,rv-wj6m-6fj9-tt3b,2020/05/13 23:28:10.857,2020/05/13 23:28:10.857,"10018","10018","10018","9687",9687,M,C:/Users/brian/Documents/M.shp
row-yhmv-af9e-n2aw,rv-hdgb.hcfj~ycvs,2020/05/13 23:28:10.857,2020/05/13 23:28:10.857,"10019","10019, 10020","10019, 10020, 10103, 10111, 10112","43703",43703,M,C:/Users/brian/Documents/M.shp
row-sbr6.bsnj-yb8p,rv-wwmi.6s8g~a8ce,2020/05/13 23:28:10.857,2020/05/13 23:28:10.857,"10022","10022","10022, 10152, 10153, 10154","31125",31125,M,C:/Users/brian/Documents/M.shp
row-4p2f~c6xi.qtx4,rv-6zk6-295j.wnpf,2020/05/13 23:28:10.857,2020/05/13 23:28:10.857,"10036","10036","10036, 10110","27428",27428,M,C:/Users/brian/Documents/M.shp
row-6ig7-js8b.mzjh,rv-u5tw_yhjg-kcbf,2020/05/13 23:28:10.857,2020/05/13 23:28:10.857,"10044","10044","10044","11682",11682,M,C:/Users/brian/Documents/M.shp
row-d7it.nfci-u5j6,rv-wkxy-mxuj.kwpa,2020/05/13 23:28:10.857,2020/05/13 23:28:10.857,"11101","11101","11101","30043",30043,M,C:/Users/brian/Documents/M.shp
row-q3d3~3ydp-tixm,rv-ydvi-hznu~bd37,2020/05/13 23:28:10.857,2020/05/13 23:28:10.857,"11103","11103","11103","36140",36140,M,C:/Users/brian/Documents/M.shp
row-4ewt~9r74-vk99,rv-4nsg-rfse-s6t4,2020/05/13 23:28:10.857,2020/05/13 23:28:10.857,"11206","11206","11206","88349",88349,M,C:/Users/brian/Documents/M.shp
row-4dsg_smqi-75gu,rv-2vxw~x4wg~v2da,2020/05/13 23:28:10.857,2020/05/13 23:28:10.857,"11211","11211, 11249","11211","102624",102624,M,C:/Users/brian/Documents/M.shp
row-j8aq.5p3g~5p5n,rv-upgh~u693.iy5d,2020/05/13 23:28:10.857,2020/05/13 23:28:10.857,"11221","11221","11221","83835",83835,M,C:/Users/brian/Documents/M.shp
row-dej3.xnuz_jnrk,rv-5enb.ctcw_a6ua,2020/05/13 23:28:10.857,2020/05/13 23:28:10.857,"11237","11237","11237","49310",49310,M,C:/Users/brian/Documents/M.shp
row-4ntr_y5s9.3qye,rv-2uy7~c6yc~uapu,2020/05/13 23:28:10.857,2020/05/13 23:28:10.857,"11372","11372","11372","61844",61844,M,C:/Users/brian/Documents/M.shp
row-u27c-u9jn-6mqz,rv-tpkj-rib9-qvzj,2020/05/13 23:28:10.857,2020/05/13 23:28:10.857,"11373","11373","11373","93967",93967,M,C:/Users/brian/Documents/M.shp
row-yzqf.wptu.tu25,rv-tepa-ef44-6uc6,2020/05/13 23:28:10.857,2020/05/13 23:28:10.857,"11374","11374","11374","42653",42653,M,C:/Users/brian/Documents/M.shp
row-mqrb_h3mp.7f55,rv-rwm6-xvfj~hsgb,2020/05/13 23:28:10.857,2020/05/13 23:28:10.857,"11375","11375","11375","73488",73488,M,C:/Users/brian/Documents/M.shp
row-imxp-8par.z5dw,rv-nixm.29pk.hf5q,2020/05/13 23:28:10.857,2020/05/13 23:28:10.857,"11379","11379","11379","37851",37851,M,C:/Users/brian/Documents/M.shp
row-d9yn.9pta-7zmh,rv-8bgd~yu4g.v7gg,2020/05/13 23:28:10.857,2020/05/13 23:28:10.857,"11377","11377","11377","86421",86421,M,C:/Users/brian/Documents/M.shp
row-wck7-6wkh_nymq,rv-ahvr~nu8q~833v,2020/05/13 23:28:10.857,2020/05/13 23:28:10.857,"11385","11385","11385","106717",106717,M,C:/Users/brian/Documents/M.shp
row-gpt4_p42m_6vva,rv-ifsq~eg4w~ai57,2020/05/13 23:28:10.857,2020/05/13 23:28:10.857,"10001","10001, 10118","10001, 10119, 10199","23072",23072,N_ZIPS,C:/Users/brian/Documents/N_ZIPS.shp
row-bbrn_fnac~4g99,rv-hpz3~wiyn~m6gy,2020/05/13 23:28:10.857,2020/05/13 23:28:10.857,"10002","10002","10002","74993",74993,N_ZIPS,C:/Users/brian/Documents/N_ZIPS.shp
row-biyt~mhqy-petn,rv-gkuq_5peu.nhnh,2020/05/13 23:28:10.857,2020/05/13 23:28:10.857,"10003","10003","10003","54682",54682,N_ZIPS,C:/Users/brian/Documents/N_ZIPS.shp
row-mhqc~whzi~h77n,rv-jh96~vsxh.rat9,2020/05/13 23:28:10.857,2020/05/13 23:28:10.857,"10010","10010","10010","33730",33730,N_ZIPS,C:/Users/brian/Documents/N_ZIPS.shp
row-w7za.gzq2-5puc,rv-m75m~zjsg~bdyv,2020/05/13 23:28:10.857,2020/05/13 23:28:10.857,"10012","10012","10012","23411",23411,N_ZIPS,C:/Users/brian/Documents/N_ZIPS.shp
row-89t3.q4uf~yayv,rv-5b33~r9hf~6pdx,2020/05/13 23:28:10.857,2020/05/13 23:28:10.857,"10013","10013","10013","28709",28709,N_ZIPS,C:/Users/brian/Documents/N_ZIPS.shp
row-gvg2.5r6m-efd9,rv-wj6m-6fj9-tt3b,2020/05/13 23:28:10.857,2020/05/13 23:28:10.857,"10018","10018","10018","9687",9687,N_ZIPS,C:/Users/brian/Documents/N_ZIPS.shp
row-yhmv-af9e-n2aw,rv-hdgb.hcfj~ycvs,2020/05/13 23:28:10.857,2020/05/13 23:28:10.857,"10019","10019, 10020","10019, 10020, 10103, 10111, 10112","43703",43703,N_ZIPS,C:/Users/brian/Documents/N_ZIPS.shp
row-6q32.wew5_hffh,rv-cwck.2ec5.srqi,2020/05/13 23:28:10.857,2020/05/13 23:28:10.857,"10021","10021","10021","46215",46215,N_ZIPS,C:/Users/brian/Documents/N_ZIPS.shp
row-sbr6.bsnj-yb8p,rv-wwmi.6s8g~a8ce,2020/05/13 23:28:10.857,2020/05/13 23:28:10.857,"10022","10022","10022, 10152, 10153, 10154","31125",31125,N_ZIPS,C:/Users/brian/Documents/N_ZIPS.shp
row-4p2f~c6xi.qtx4,rv-6zk6-295j.wnpf,2020/05/13 23:28:10.857,2020/05/13 23:28:10.857,"10036","10036","10036, 10110","27428",27428,N_ZIPS,C:/Users/brian/Documents/N_ZIPS.shp
row-t7nb.kbfs~sg78,rv-a232-hpvu.ktac,2020/05/13 23:28:10.857,2020/05/13 23:28:10.857,"10038","10038","10038","22800",22800,N_ZIPS,C:/Users/brian/Documents/N_ZIPS.shp
row-4x38_pt2m.sm7z,rv-hyyb-r856_frvv,2020/05/13 23:28:10.857,2020/05/13 23:28:10.857,"11105","11105","11105","37382",37382,N_ZIPS,C:/Users/brian/Documents/N_ZIPS.shp
row-6ig7-js8b.mzjh,rv-u5tw_yhjg-kcbf,2020/05/13 23:28:10.857,2020/05/13 23:28:10.857,"10044","10044","10044","11682",11682,N_ZIPS,C:/Users/brian/Documents/N_ZIPS.shp
row-hip5~vb8h~acqj,rv-2evq-h8ky_cwup,2020/05/13 23:28:10.857,2020/05/13 23:28:10.857,"10065","10065","10065","28109",28109,N_ZIPS,C:/Users/brian/Documents/N_ZIPS.shp
row-5uqp_mezb-2wp3,rv-z4tq~mkar.shm8,2020/05/13 23:28:10.857,2020/05/13 23:28:10.857,"11106","11106","11106","38363",38363,N_ZIPS,C:/Users/brian/Documents/N_ZIPS.shp
row-d7it.nfci-u5j6,rv-wkxy-mxuj.kwpa,2020/05/13 23:28:10.857,2020/05/13 23:28:10.857,"11101","11101","11101","30043",30043,N_ZIPS,C:/Users/brian/Documents/N_ZIPS.shp
row-4aus~yirs~g6g5,rv-znk9.u4jb~wtdc,2020/05/13 23:28:10.857,2020/05/13 23:28:10.857,"11102","11102","11102","30800",30800,N_ZIPS,C:/Users/brian/Documents/N_ZIPS.shp
row-huf4~2hg5_z872,rv-v6tk~xk99.f44y,2020/05/13 23:28:10.857,2020/05/13 23:28:10.857,"11201","11201","11201","62823",62823,N_ZIPS,C:/Users/brian/Documents/N_ZIPS.shp
row-9ube-k8t6_bvhe,rv-2acz.jwec.xuuq,2020/05/13 23:28:10.857,2020/05/13 23:28:10.857,"11204","11204","11204","76978",76978,N_ZIPS,C:/Users/brian/Documents/N_ZIPS.shp
row-f55n_5n52.94nq,rv-h56a.6j6r.eyba,2020/05/13 23:28:10.857,2020/05/13 23:28:10.857,"11215","11215","11215","70156",70156,N_ZIPS,C:/Users/brian/Documents/N_ZIPS.shp
row-tj8n~4r3q~ycxu,rv-krsh.j535-qa5s,2020/05/13 23:28:10.857,2020/05/13 23:28:10.857,"11217","11217, 11243","11217","41407",41407,N_ZIPS,C:/Users/brian/Documents/N_ZIPS.shp
row-emns-t3s9-w56m,rv-5paj.eaua~a94i,2020/05/13 23:28:10.857,2020/05/13 23:28:10.857,"11219","11219","11219","90036",90036,N_ZIPS,C:/Users/brian/Documents/N_ZIPS.shp
row-xu9n-44yg~9w6y,rv-aaun-cxjq_rk95,2020/05/13 23:28:10.857,2020/05/13 23:28:10.857,"11220","11220","11220","95643",95643,N_ZIPS,C:/Users/brian/Documents/N_ZIPS.shp
row-x7iz-6c6t.cvq8,rv-hu4h-bd6b_uw3d,2020/05/13 23:28:10.857,2020/05/13 23:28:10.857,"11223","11223","11223","81789",81789,N_ZIPS,C:/Users/brian/Documents/N_ZIPS.shp
row-66gr_vjdj.6phe,rv-xnc3.d28z_j4r7,2020/05/13 23:28:10.857,2020/05/13 23:28:10.857,"11224","11224","11224","46707",46707,N_ZIPS,C:/Users/brian/Documents/N_ZIPS.shp
row-gvrz~acue.kj5p,rv-5ei4-i8tv~rg2s,2020/05/13 23:28:10.857,2020/05/13 23:28:10.857,"11232","11232","11232","27602",27602,N_ZIPS,C:/Users/brian/Documents/N_ZIPS.shp
row-eidq.uyer_5i6t,rv-gcmz~ma89-jux8,2020/05/13 23:28:10.857,2020/05/13 23:28:10.857,"99999",,"99999","0",0,N_ZIPS,C:/Users/brian/Documents/N_ZIPS.shp
row-gpt4_p42m_6vva,rv-ifsq~eg4w~ai57,2020/05/13 23:28:10.857,2020/05/13 23:28:10.857,"10001","10001, 10118","10001, 10119, 10199","23072",23072,Q_ZIPS,C:/Users/brian/Documents/Q_ZIPS.shp
row-bbrn_fnac~4g99,rv-hpz3~wiyn~m6gy,2020/05/13 23:28:10.857,2020/05/13 23:28:10.857,"10002","10002","10002","74993",74993,Q_ZIPS,C:/Users/brian/Documents/Q_ZIPS.shp
row-biyt~mhqy-petn,rv-gkuq_5peu.nhnh,2020/05/13 23:28:10.857,2020/05/13 23:28:10.857,"10003","10003","10003","54682",54682,Q_ZIPS,C:/Users/brian/Documents/Q_ZIPS.shp
row-mhqc~whzi~h77n,rv-jh96~vsxh.rat9,2020/05/13 23:28:10.857,2020/05/13 23:28:10.857,"10010","10010","10010","33730",33730,Q_ZIPS,C:/Users/brian/Documents/Q_ZIPS.shp
row-w7za.gzq2-5puc,rv-m75m~zjsg~bdyv,2020/05/13 23:28:10.857,2020/05/13 23:28:10.857,"10012","10012","10012","23411",23411,Q_ZIPS,C:/Users/brian/Documents/Q_ZIPS.shp
row-89t3.q4uf~yayv,rv-5b33~r9hf~6pdx,2020/05/13 23:28:10.857,2020/05/13 23:28:10.857,"10013","10013","10013","28709",28709,Q_ZIPS,C:/Users/brian/Documents/Q_ZIPS.shp
row-gvg2.5r6m-efd9,rv-wj6m-6fj9-tt3b,2020/05/13 23:28:10.857,2020/05/13 23:28:10.857,"10018","10018","10018","9687",9687,Q_ZIPS,C:/Users/brian/Documents/Q_ZIPS.shp
row-yhmv-af9e-n2aw,rv-hdgb.hcfj~ycvs,2020/05/13 23:28:10.857,2020/05/13 23:28:10.857,"10019","10019, 10020","10019, 10020, 10103, 10111, 10112","43703",43703,Q_ZIPS,C:/Users/brian/Documents/Q_ZIPS.shp
row-6q32.wew5_hffh,rv-cwck.2ec5.srqi,2020/05/13 23:28:10.857,2020/05/13 23:28:10.857,"10021","10021","10021","46215",46215,Q_ZIPS,C:/Users/brian/Documents/Q_ZIPS.shp
row-sbr6.bsnj-yb8p,rv-wwmi.6s8g~a8ce,2020/05/13 23:28:10.857,2020/05/13 23:28:10.857,"10022","10022","10022, 10152, 10153, 10154","31125",31125,Q_ZIPS,C:/Users/brian/Documents/Q_ZIPS.shp
row-4p2f~c6xi.qtx4,rv-6zk6-295j.wnpf,2020/05/13 23:28:10.857,2020/05/13 23:28:10.857,"10036","10036","10036, 10110","27428",27428,Q_ZIPS,C:/Users/brian/Documents/Q_ZIPS.shp
row-t7nb.kbfs~sg78,rv-a232-hpvu.ktac,2020/05/13 23:28:10.857,2020/05/13 23:28:10.857,"10038","10038","10038","22800",22800,Q_ZIPS,C:/Users/brian/Documents/Q_ZIPS.shp
row-4x38_pt2m.sm7z,rv-hyyb-r856_frvv,2020/05/13 23:28:10.857,2020/05/13 23:28:10.857,"11105","11105","11105","37382",37382,Q_ZIPS,C:/Users/brian/Documents/Q_ZIPS.shp
row-6ig7-js8b.mzjh,rv-u5tw_yhjg-kcbf,2020/05/13 23:28:10.857,2020/05/13 23:28:10.857,"10044","10044","10044","11682",11682,Q_ZIPS,C:/Users/brian/Documents/Q_ZIPS.shp
row-hip5~vb8h~acqj,rv-2evq-h8ky_cwup,2020/05/13 23:28:10.857,2020/05/13 23:28:10.857,"10065","10065","10065","28109",28109,Q_ZIPS,C:/Users/brian/Documents/Q_ZIPS.shp
row-5uqp_mezb-2wp3,rv-z4tq~mkar.shm8,2020/05/13 23:28:10.857,2020/05/13 23:28:10.857,"11106","11106","11106","38363",38363,Q_ZIPS,C:/Users/brian/Documents/Q_ZIPS.shp
row-d7it.nfci-u5j6,rv-wkxy-mxuj.kwpa,2020/05/13 23:28:10.857,2020/05/13 23:28:10.857,"11101","11101","11101","30043",30043,Q_ZIPS,C:/Users/brian/Documents/Q_ZIPS.shp
row-4aus~yirs~g6g5,rv-znk9.u4jb~wtdc,2020/05/13 23:28:10.857,2020/05/13 23:28:10.857,"11102","11102","11102","30800",30800,Q_ZIPS,C:/Users/brian/Documents/Q_ZIPS.shp
row-huf4~2hg5_z872,rv-v6tk~xk99.f44y,2020/05/13 23:28:10.857,2020/05/13 23:28:10.857,"11201","11201","11201","62823",62823,Q_ZIPS,C:/Users/brian/Documents/Q_ZIPS.shp
row-tj8n~4r3q~ycxu,rv-krsh.j535-qa5s,2020/05/13 23:28:10.857,2020/05/13 23:28:10.857,"11217","11217, 11243","11217","41407",41407,Q_ZIPS,C:/Users/brian/Documents/Q_ZIPS.shp
row-66gr_vjdj.6phe,rv-xnc3.d28z_j4r7,2020/05/13 23:28:10.857,2020/05/13 23:28:10.857,"11224","11224","11224","46707",46707,Q_ZIPS,C:/Users/brian/Documents/Q_ZIPS.shp
row-qhrf_vptb_2dah,rv-cm7k~k4p8~prjh,2020/05/13 23:28:10.857,2020/05/13 23:28:10.857,"11225","11225","11225","58882",58882,Q_ZIPS,C:/Users/brian/Documents/Q_ZIPS.shp
row-biiy-jh2h~67td,rv-epwm-z4wk.t9g8,2020/05/13 23:28:10.857,2020/05/13 23:28:10.857,"11226","11226","11226","100277",100277,Q_ZIPS,C:/Users/brian/Documents/Q_ZIPS.shp
row-iuji.vy95.zkyt,rv-in5a~zu73~4bhm,2020/05/13 23:28:10.857,2020/05/13 23:28:10.857,"11230","11230","11230","89075",89075,Q_ZIPS,C:/Users/brian/Documents/Q_ZIPS.shp
row-gb4e~r9tk.ca8s,rv-8wab~cekn~egex,2020/05/13 23:28:10.857,2020/05/13 23:28:10.857,"11229","11229","11229","83615",83615,Q_ZIPS,C:/Users/brian/Documents/Q_ZIPS.shp
row-7sr5_3z34-4atp,rv-nx32-xx3q.ncbg,2020/05/13 23:28:10.857,2020/05/13 23:28:10.857,"11235","11235","11235","78128",78128,Q_ZIPS,C:/Users/brian/Documents/Q_ZIPS.shp
row-v3bg~arr9.jnvt,rv-gtup~r4eq-9vic,2020/05/13 23:28:10.857,2020/05/13 23:28:10.857,"11238","11238","11238","54540",54540,Q_ZIPS,C:/Users/brian/Documents/Q_ZIPS.shp
row-eidq.uyer_5i6t,rv-gcmz~ma89-jux8,2020/05/13 23:28:10.857,2020/05/13 23:28:10.857,"99999",,"99999","0",0,Q_ZIPS,C:/Users/brian/Documents/Q_ZIPS.shp
row-gpt4_p42m_6vva,rv-ifsq~eg4w~ai57,2020/05/13 23:28:10.857,2020/05/13 23:28:10.857,"10001","10001, 10118","10001, 10119, 10199","23072",23072,R_ZIPS,C:/Users/brian/Documents/R_ZIPS.shp
row-biyt~mhqy-petn,rv-gkuq_5peu.nhnh,2020/05/13 23:28:10.857,2020/05/13 23:28:10.857,"10003","10003","10003","54682",54682,R_ZIPS,C:/Users/brian/Documents/R_ZIPS.shp
row-5tvi_hb3c-6qz6,rv-m2qf-b3bm.h8vn,2020/05/13 23:28:10.857,2020/05/13 23:28:10.857,"10004","10004","10004","3028",3028,R_ZIPS,C:/Users/brian/Documents/R_ZIPS.shp
row-auib-z6mc_nkcq,rv-89qs-s7cd~ryjy,2020/05/13 23:28:10.857,2020/05/13 23:28:10.857,"10006","10006","10006","3454",3454,R_ZIPS,C:/Users/brian/Documents/R_ZIPS.shp
row-juqi~zbqg_y7er,rv-r2cv-me3e-csz8,2020/05/13 23:28:10.857,2020/05/13 23:28:10.857,"10007","10007","10007, 10278, 10279","7023",7023,R_ZIPS,C:/Users/brian/Documents/R_ZIPS.shp
row-mhqc~whzi~h77n,rv-jh96~vsxh.rat9,2020/05/13 23:28:10.857,2020/05/13 23:28:10.857,"10010","10010","10010","33730",33730,R_ZIPS,C:/Users/brian/Documents/R_ZIPS.shp
row-w7za.gzq2-5puc,rv-m75m~zjsg~bdyv,2020/05/13 23:28:10.857,2020/05/13 23:28:10.857,"10012","10012","10012","23411",23411,R_ZIPS,C:/Users/brian/Documents/R_ZIPS.shp
row-89t3.q4uf~yayv,rv-5b33~r9hf~6pdx,2020/05/13 23:28:10.857,2020/05/13 23:28:10.857,"10013","10013","10013","28709",28709,R_ZIPS,C:/Users/brian/Documents/R_ZIPS.shp
row-gvg2.5r6m-efd9,rv-wj6m-6fj9-tt3b,2020/05/13 23:28:10.857,2020/05/13 23:28:10.857,"10018","10018","10018","9687",9687,R_ZIPS,C:/Users/brian/Documents/R_ZIPS.shp
row-yhmv-af9e-n2aw,rv-hdgb.hcfj~ycvs,2020/05/13 23:28:10.857,2020/05/13 23:28:10.857,"10019","10019, 10020","10019, 10020, 10103, 10111, 10112","43703",43703,R_ZIPS,C:/Users/brian/Documents/R_ZIPS.shp
row-6q32.wew5_hffh,rv-cwck.2ec5.srqi,2020/05/13 23:28:10.857,2020/05/13 23:28:10.857,"10021","10021","10021","46215",46215,R_ZIPS,C:/Users/brian/Documents/R_ZIPS.shp
row-sbr6.bsnj-yb8p,rv-wwmi.6s8g~a8ce,2020/05/13 23:28:10.857,2020/05/13 23:28:10.857,"10022","10022","10022, 10152, 10153, 10154","31125",31125,R_ZIPS,C:/Users/brian/Documents/R_ZIPS.shp
row-4p2f~c6xi.qtx4,rv-6zk6-295j.wnpf,2020/05/13 23:28:10.857,2020/05/13 23:28:10.857,"10036","10036","10036, 10110","27428",27428,R_ZIPS,C:/Users/brian/Documents/R_ZIPS.shp
row-6ig7-js8b.mzjh,rv-u5tw_yhjg-kcbf,2020/05/13 23:28:10.857,2020/05/13 23:28:10.857,"10044","10044","10044","11682",11682,R_ZIPS,C:/Users/brian/Documents/R_ZIPS.shp
row-hip5~vb8h~acqj,rv-2evq-h8ky_cwup,2020/05/13 23:28:10.857,2020/05/13 23:28:10.857,"10065","10065","10065","28109",28109,R_ZIPS,C:/Users/brian/Documents/R_ZIPS.shp
row-d7it.nfci-u5j6,rv-wkxy-mxuj.kwpa,2020/05/13 23:28:10.857,2020/05/13 23:28:10.857,"11101","11101","11101","30043",30043,R_ZIPS,C:/Users/brian/Documents/R_ZIPS.shp
row-q3d3~3ydp-tixm,rv-ydvi-hznu~bd37,2020/05/13 23:28:10.857,2020/05/13 23:28:10.857,"11103","11103","11103","36140",36140,R_ZIPS,C:/Users/brian/Documents/R_ZIPS.shp
row-huf4~2hg5_z872,rv-v6tk~xk99.f44y,2020/05/13 23:28:10.857,2020/05/13 23:28:10.857,"11201","11201","11201","62823",62823,R_ZIPS,C:/Users/brian/Documents/R_ZIPS.shp
row-aqfq-man2_py7e,rv-nwzz~3vru.jvwa,2020/05/13 23:28:10.857,2020/05/13 23:28:10.857,"11209","11209","11209, 11425","67809",67809,R_ZIPS,C:/Users/brian/Documents/R_ZIPS.shp
row-f55n_5n52.94nq,rv-h56a.6j6r.eyba,2020/05/13 23:28:10.857,2020/05/13 23:28:10.857,"11215","11215","11215","70156",70156,R_ZIPS,C:/Users/brian/Documents/R_ZIPS.shp
row-tj8n~4r3q~ycxu,rv-krsh.j535-qa5s,2020/05/13 23:28:10.857,2020/05/13 23:28:10.857,"11217","11217, 11243","11217","41407",41407,R_ZIPS,C:/Users/brian/Documents/R_ZIPS.shp
row-xu9n-44yg~9w6y,rv-aaun-cxjq_rk95,2020/05/13 23:28:10.857,2020/05/13 23:28:10.857,"11220","11220","11220","95643",95643,R_ZIPS,C:/Users/brian/Documents/R_ZIPS.shp
row-gvrz~acue.kj5p,rv-5ei4-i8tv~rg2s,2020/05/13 23:28:10.857,2020/05/13 23:28:10.857,"11232","11232","11232","27602",27602,R_ZIPS,C:/Users/brian/Documents/R_ZIPS.shp
row-4ntr_y5s9.3qye,rv-2uy7~c6yc~uapu,2020/05/13 23:28:10.857,2020/05/13 23:28:10.857,"11372","11372","11372","61844",61844,R_ZIPS,C:/Users/brian/Documents/R_ZIPS.shp
row-u27c-u9jn-6mqz,rv-tpkj-rib9-qvzj,2020/05/13 23:28:10.857,2020/05/13 23:28:10.857,"11373","11373","11373","93967",93967,R_ZIPS,C:/Users/brian/Documents/R_ZIPS.shp
row-yzqf.wptu.tu25,rv-tepa-ef44-6uc6,2020/05/13 23:28:10.857,2020/05/13 23:28:10.857,"11374","11374","11374","42653",42653,R_ZIPS,C:/Users/brian/Documents/R_ZIPS.shp
row-mqrb_h3mp.7f55,rv-rwm6-xvfj~hsgb,2020/05/13 23:28:10.857,2020/05/13 23:28:10.857,"11375","11375","11375","73488",73488,R_ZIPS,C:/Users/brian/Documents/R_ZIPS.shp
row-d9yn.9pta-7zmh,rv-8bgd~yu4g.v7gg,2020/05/13 23:28:10.857,2020/05/13 23:28:10.857,"11377","11377","11377","86421",86421,R_ZIPS,C:/Users/brian/Documents/R_ZIPS.shp
row-eidq.uyer_5i6t,rv-gcmz~ma89-jux8,2020/05/13 23:28:10.857,2020/05/13 23:28:10.857,"99999",,"99999","0",0,R_ZIPS,C:/Users/brian/Documents/R_ZIPS.shp
row-stpw_2juy~7sm5,rv-8fic-zrt2_ds5p,2020/05/13 23:28:10.857,2020/05/13 23:28:10.857,"10301","10301","10301","38733",38733,SIR_ZIPS,C:/Users/brian/Documents/SIR_ZIPS.shp
row-77ay_w8mg_itcd,rv-5ekz.4a4v.ev4c,2020/05/13 23:28:10.857,2020/05/13 23:28:10.857,"10304","10304","10304","41064",41064,SIR_ZIPS,C:/Users/brian/Documents/SIR_ZIPS.shp
row-jnbr_qias~s5q4,rv-sz76.7hbq-v6tz,2020/05/13 23:28:10.857,2020/05/13 23:28:10.857,"10305","10305","10305","42298",42298,SIR_ZIPS,C:/Users/brian/Documents/SIR_ZIPS.shp
row-vse7_yidq_i8u6,rv-zue7_nqdq_f7tt,2020/05/13 23:28:10.857,2020/05/13 23:28:10.857,"10306","10306","10306","53142",53142,SIR_ZIPS,C:/Users/brian/Documents/SIR_ZIPS.shp
row-rt54.k5ck-764c,rv-8c9x~um84~cchh,2020/05/13 23:28:10.857,2020/05/13 23:28:10.857,"10307","10307","10307","15232",15232,SIR_ZIPS,C:/Users/brian/Documents/SIR_ZIPS.shp
row-h56e.whr2-7ggx,rv-remh~cfj7.42c9,2020/05/13 23:28:10.857,2020/05/13 23:28:10.857,"10308","10308","10308","30186",30186,SIR_ZIPS,C:/Users/brian/Documents/SIR_ZIPS.shp
row-gn2y_jt7d.mbpb,rv-fxsu.24zw_tzrc,2020/05/13 23:28:10.857,2020/05/13 23:28:10.857,"10309","10309","10309","33531",33531,SIR_ZIPS,C:/Users/brian/Documents/SIR_ZIPS.shp
row-igrk_feu8-abyd,rv-ewb6.99wu.nkab,2020/05/13 23:28:10.857,2020/05/13 23:28:10.857,"10312","10312","10312","61741",61741,SIR_ZIPS,C:/Users/brian/Documents/SIR_ZIPS.shp
